Adding SPI flash device
esp32s3_rmt_edge ch=0 enabled=0 level=0 ns=0
esp32s3_rmt_edge ch=1 enabled=0 level=0 ns=0
esp32s3_rmt_edge ch=2 enabled=0 level=0 ns=0
esp32s3_rmt_edge ch=3 enabled=0 level=0 ns=0
esp32s3_rmt_edge ch=0 enabled=0 level=0 ns=186853230
esp32s3_rmt_edge ch=1 enabled=0 level=0 ns=186853230
esp32s3_rmt_edge ch=2 enabled=0 level=0 ns=186853230
esp32s3_rmt_edge ch=3 enabled=0 level=0 ns=186853230
esp32s3_rmt_input ch=0 valid=1 level=1 ns=340260948
esp32s3_rmt_input ch=0 valid=1 level=0 ns=582894285
esp32s3_rmt_input ch=0 valid=1 level=1 ns=591894285
esp32s3_rmt_input ch=0 valid=1 level=0 ns=596394285
esp32s3_rmt_rx_symbol ch=0 index=0 value=0x91942328 ns=596395285
esp32s3_rmt_input ch=0 valid=1 level=1 ns=596954285
esp32s3_rmt_input ch=0 valid=1 level=0 ns=597514285
esp32s3_rmt_rx_symbol ch=0 index=1 value=0x82300230 ns=597515285
esp32s3_rmt_input ch=0 valid=1 level=1 ns=598074285
esp32s3_rmt_input ch=0 valid=1 level=0 ns=598634285
esp32s3_rmt_rx_symbol ch=0 index=2 value=0x82300230 ns=598635285
esp32s3_rmt_input ch=0 valid=1 level=1 ns=599194285
esp32s3_rmt_input ch=0 valid=1 level=0 ns=600884285
esp32s3_rmt_rx_symbol ch=0 index=3 value=0x869a0230 ns=600885285
esp32s3_rmt_input ch=0 valid=1 level=1 ns=601444285
esp32s3_rmt_input ch=0 valid=1 level=0 ns=602004285
esp32s3_rmt_rx_symbol ch=0 index=4 value=0x82300230 ns=602005285
esp32s3_rmt_input ch=0 valid=1 level=1 ns=602564285
esp32s3_rmt_input ch=0 valid=1 level=0 ns=604254285
esp32s3_rmt_rx_symbol ch=0 index=5 value=0x869a0230 ns=604255285
esp32s3_rmt_input ch=0 valid=1 level=1 ns=604814285
esp32s3_rmt_input ch=0 valid=1 level=0 ns=606504285
esp32s3_rmt_rx_symbol ch=0 index=6 value=0x869a0230 ns=606505285
esp32s3_rmt_input ch=0 valid=1 level=1 ns=607064285
esp32s3_rmt_input ch=0 valid=1 level=0 ns=607624285
esp32s3_rmt_rx_symbol ch=0 index=7 value=0x82300230 ns=607625285
esp32s3_rmt_input ch=0 valid=1 level=1 ns=608184285
esp32s3_rmt_input ch=0 valid=1 level=0 ns=608744285
esp32s3_rmt_rx_symbol ch=0 index=8 value=0x82300230 ns=608745285
esp32s3_rmt_input ch=0 valid=1 level=1 ns=609304285
esp32s3_rmt_input ch=0 valid=1 level=0 ns=610994285
esp32s3_rmt_rx_symbol ch=0 index=9 value=0x869a0230 ns=610995285
esp32s3_rmt_input ch=0 valid=1 level=1 ns=611554285
esp32s3_rmt_input ch=0 valid=1 level=0 ns=613244285
esp32s3_rmt_rx_symbol ch=0 index=10 value=0x869a0230 ns=613245285
esp32s3_rmt_input ch=0 valid=1 level=1 ns=613804285
esp32s3_rmt_input ch=0 valid=1 level=0 ns=614364285
esp32s3_rmt_rx_symbol ch=0 index=11 value=0x82300230 ns=614365285
esp32s3_rmt_input ch=0 valid=1 level=1 ns=614924285
esp32s3_rmt_input ch=0 valid=1 level=0 ns=616614285
esp32s3_rmt_rx_symbol ch=0 index=12 value=0x869a0230 ns=616615285
esp32s3_rmt_input ch=0 valid=1 level=1 ns=617174285
esp32s3_rmt_input ch=0 valid=1 level=0 ns=617734285
esp32s3_rmt_rx_symbol ch=0 index=13 value=0x82300230 ns=617735285
esp32s3_rmt_input ch=0 valid=1 level=1 ns=618294285
esp32s3_rmt_input ch=0 valid=1 level=0 ns=618854285
esp32s3_rmt_rx_symbol ch=0 index=14 value=0x82300230 ns=618855285
esp32s3_rmt_input ch=0 valid=1 level=1 ns=619414285
esp32s3_rmt_input ch=0 valid=1 level=0 ns=621104285
esp32s3_rmt_rx_symbol ch=0 index=15 value=0x869a0230 ns=621105285
esp32s3_rmt_input ch=0 valid=1 level=1 ns=621664285
esp32s3_rmt_input ch=0 valid=1 level=0 ns=623354285
esp32s3_rmt_rx_symbol ch=0 index=16 value=0x869a0230 ns=623355285
esp32s3_rmt_input ch=0 valid=1 level=1 ns=623914285
esp32s3_rmt_input ch=0 valid=1 level=0 ns=625604285
esp32s3_rmt_rx_symbol ch=0 index=17 value=0x869a0230 ns=625605285
esp32s3_rmt_input ch=0 valid=1 level=1 ns=626164285
esp32s3_rmt_input ch=0 valid=1 level=0 ns=627854285
esp32s3_rmt_rx_symbol ch=0 index=18 value=0x869a0230 ns=627855285
esp32s3_rmt_input ch=0 valid=1 level=1 ns=628414285
esp32s3_rmt_input ch=0 valid=1 level=0 ns=630104285
esp32s3_rmt_rx_symbol ch=0 index=19 value=0x869a0230 ns=630105285
esp32s3_rmt_input ch=0 valid=1 level=1 ns=630664285
esp32s3_rmt_input ch=0 valid=1 level=0 ns=631224285
esp32s3_rmt_rx_symbol ch=0 index=20 value=0x82300230 ns=631225285
esp32s3_rmt_input ch=0 valid=1 level=1 ns=631784285
esp32s3_rmt_input ch=0 valid=1 level=0 ns=632344285
esp32s3_rmt_rx_symbol ch=0 index=21 value=0x82300230 ns=632345285
esp32s3_rmt_input ch=0 valid=1 level=1 ns=632904285
esp32s3_rmt_input ch=0 valid=1 level=0 ns=634594285
esp32s3_rmt_rx_symbol ch=0 index=22 value=0x869a0230 ns=634595285
esp32s3_rmt_input ch=0 valid=1 level=1 ns=635154285
esp32s3_rmt_input ch=0 valid=1 level=0 ns=635714285
esp32s3_rmt_rx_symbol ch=0 index=23 value=0x82300230 ns=635715285
esp32s3_rmt_input ch=0 valid=1 level=1 ns=636274285
esp32s3_rmt_input ch=0 valid=1 level=0 ns=637964285
esp32s3_rmt_rx_symbol ch=0 index=24 value=0x869a0230 ns=637965285
esp32s3_rmt_input ch=0 valid=1 level=1 ns=638524285
esp32s3_rmt_input ch=0 valid=1 level=0 ns=639084285
esp32s3_rmt_rx_symbol ch=0 index=25 value=0x82300230 ns=639085285
esp32s3_rmt_input ch=0 valid=1 level=1 ns=639644285
esp32s3_rmt_input ch=0 valid=1 level=0 ns=640204285
esp32s3_rmt_rx_symbol ch=0 index=26 value=0x82300230 ns=640205285
esp32s3_rmt_input ch=0 valid=1 level=1 ns=640764285
esp32s3_rmt_input ch=0 valid=1 level=0 ns=641324285
esp32s3_rmt_rx_symbol ch=0 index=27 value=0x82300230 ns=641325285
esp32s3_rmt_input ch=0 valid=1 level=1 ns=641884285
esp32s3_rmt_input ch=0 valid=1 level=0 ns=643574285
esp32s3_rmt_rx_symbol ch=0 index=28 value=0x869a0230 ns=643575285
esp32s3_rmt_input ch=0 valid=1 level=1 ns=644134285
esp32s3_rmt_input ch=0 valid=1 level=0 ns=645824285
esp32s3_rmt_rx_symbol ch=0 index=29 value=0x869a0230 ns=645825285
esp32s3_rmt_input ch=0 valid=1 level=1 ns=646384285
esp32s3_rmt_input ch=0 valid=1 level=0 ns=646944285
esp32s3_rmt_rx_symbol ch=0 index=30 value=0x82300230 ns=646945285
esp32s3_rmt_input ch=0 valid=1 level=1 ns=647504285
esp32s3_rmt_input ch=0 valid=1 level=0 ns=649194285
esp32s3_rmt_rx_symbol ch=0 index=31 value=0x869a0230 ns=649195285
esp32s3_rmt_input ch=0 valid=1 level=1 ns=649754285
esp32s3_rmt_input ch=0 valid=1 level=0 ns=650314285
esp32s3_rmt_rx_symbol ch=0 index=32 value=0x82300230 ns=650315285
esp32s3_rmt_input ch=0 valid=1 level=1 ns=650874285
esp32s3_rmt_rx_symbol ch=0 index=33 value=0x80000230 ns=662876285
esp32s3_rmt_input ch=0 valid=1 level=0 ns=952639024
esp32s3_rmt_edge ch=0 enabled=0 level=0 ns=977463663
esp32s3_rmt_edge ch=1 enabled=0 level=0 ns=977463663
esp32s3_rmt_edge ch=2 enabled=0 level=0 ns=977463663
esp32s3_rmt_edge ch=3 enabled=0 level=0 ns=977463663
esp32s3_rmt_edge ch=0 enabled=1 level=0 ns=1122756640
esp32s3_rmt_tx_start ch=0 ns=1122756646
esp32s3_rmt_input ch=0 valid=1 level=1 ns=1122756646
esp32s3_rmt_edge ch=0 enabled=1 level=1 ns=1122756646
esp32s3_rmt_input ch=0 valid=1 level=0 ns=1122787646
esp32s3_rmt_edge ch=0 enabled=1 level=0 ns=1122787646
esp32s3_rmt_input ch=0 valid=1 level=1 ns=1122830646
esp32s3_rmt_rx_symbol ch=0 index=0 value=0x002b801f ns=1122830646
esp32s3_rmt_edge ch=0 enabled=1 level=1 ns=1122830646
esp32s3_rmt_input ch=0 valid=1 level=0 ns=1122878646
esp32s3_rmt_edge ch=0 enabled=1 level=0 ns=1122878646
esp32s3_rmt_input ch=0 valid=1 level=1 ns=1122934646
esp32s3_rmt_rx_symbol ch=0 index=1 value=0x00388030 ns=1122934646
esp32s3_rmt_edge ch=0 enabled=1 level=1 ns=1122934646
esp32s3_rmt_input ch=0 valid=1 level=0 ns=1122999646
esp32s3_rmt_edge ch=0 enabled=1 level=0 ns=1122999646
esp32s3_rmt_input ch=0 valid=1 level=1 ns=1123068646
esp32s3_rmt_rx_symbol ch=0 index=2 value=0x00458041 ns=1123068646
esp32s3_rmt_edge ch=0 enabled=1 level=1 ns=1123068646
esp32s3_rmt_input ch=0 valid=1 level=0 ns=1123150646
esp32s3_rmt_edge ch=0 enabled=1 level=0 ns=1123150646
esp32s3_rmt_input ch=0 valid=1 level=1 ns=1123232646
esp32s3_rmt_rx_symbol ch=0 index=3 value=0x00528052 ns=1123232646
esp32s3_rmt_edge ch=0 enabled=1 level=1 ns=1123232646
esp32s3_rmt_input ch=0 valid=1 level=0 ns=1123331646
esp32s3_rmt_edge ch=0 enabled=1 level=0 ns=1123331646
esp32s3_rmt_input ch=0 valid=1 level=1 ns=1123426646
esp32s3_rmt_rx_symbol ch=0 index=4 value=0x005f8063 ns=1123426646
esp32s3_rmt_edge ch=0 enabled=1 level=1 ns=1123426646
esp32s3_rmt_input ch=0 valid=1 level=0 ns=1123471646
esp32s3_rmt_edge ch=0 enabled=1 level=0 ns=1123471646
esp32s3_rmt_input ch=0 valid=1 level=1 ns=1123579646
esp32s3_rmt_rx_symbol ch=0 index=5 value=0x006c802d ns=1123579646
esp32s3_rmt_edge ch=0 enabled=1 level=1 ns=1123579646
esp32s3_rmt_input ch=0 valid=1 level=0 ns=1123641646
esp32s3_rmt_edge ch=0 enabled=1 level=0 ns=1123641646
esp32s3_rmt_input ch=0 valid=1 level=1 ns=1123762646
esp32s3_rmt_rx_symbol ch=0 index=6 value=0x0079803e ns=1123762646
esp32s3_rmt_edge ch=0 enabled=1 level=1 ns=1123762646
esp32s3_rmt_input ch=0 valid=1 level=0 ns=1123841646
esp32s3_rmt_edge ch=0 enabled=1 level=0 ns=1123841646
esp32s3_rmt_input ch=0 valid=1 level=1 ns=1123892646
esp32s3_rmt_rx_symbol ch=0 index=7 value=0x0033804f ns=1123892646
esp32s3_rmt_edge ch=0 enabled=1 level=1 ns=1123892646
esp32s3_rmt_input ch=0 valid=1 level=0 ns=1123929646
esp32s3_rmt_edge ch=0 enabled=1 level=0 ns=1123929646
esp32s3_rmt_tx_stop ch=0 ns=1123940646
esp32s3_rmt_edge ch=0 enabled=1 level=0 ns=1123940646
esp32s3_rmt_rx_symbol ch=0 index=8 value=0x00008025 ns=1124930646
esp32s3_rmt_edge ch=0 enabled=1 level=0 ns=2162584857
esp32s3_rmt_tx_start ch=0 ns=2162584863
esp32s3_rmt_input ch=0 valid=1 level=1 ns=2162584863
esp32s3_rmt_edge ch=0 enabled=1 level=1 ns=2162584863
esp32s3_rmt_input ch=0 valid=1 level=0 ns=2162615863
esp32s3_rmt_edge ch=0 enabled=1 level=0 ns=2162615863
esp32s3_rmt_input ch=0 valid=1 level=1 ns=2162658863
esp32s3_rmt_rx_symbol ch=0 index=0 value=0x002b801f ns=2162658863
esp32s3_rmt_edge ch=0 enabled=1 level=1 ns=2162658863
esp32s3_rmt_input ch=0 valid=1 level=0 ns=2162706863
esp32s3_rmt_edge ch=0 enabled=1 level=0 ns=2162706863
esp32s3_rmt_input ch=0 valid=1 level=1 ns=2162762863
esp32s3_rmt_rx_symbol ch=0 index=1 value=0x00388030 ns=2162762863
esp32s3_rmt_edge ch=0 enabled=1 level=1 ns=2162762863
esp32s3_rmt_input ch=0 valid=1 level=0 ns=2162827863
esp32s3_rmt_edge ch=0 enabled=1 level=0 ns=2162827863
esp32s3_rmt_input ch=0 valid=1 level=1 ns=2162896863
esp32s3_rmt_rx_symbol ch=0 index=2 value=0x00458041 ns=2162896863
esp32s3_rmt_edge ch=0 enabled=1 level=1 ns=2162896863
esp32s3_rmt_input ch=0 valid=1 level=0 ns=2162978863
esp32s3_rmt_edge ch=0 enabled=1 level=0 ns=2162978863
esp32s3_rmt_input ch=0 valid=1 level=1 ns=2163060863
esp32s3_rmt_rx_symbol ch=0 index=3 value=0x00528052 ns=2163060863
esp32s3_rmt_edge ch=0 enabled=1 level=1 ns=2163060863
esp32s3_rmt_input ch=0 valid=1 level=0 ns=2163159863
esp32s3_rmt_edge ch=0 enabled=1 level=0 ns=2163159863
esp32s3_rmt_input ch=0 valid=1 level=1 ns=2163254863
esp32s3_rmt_rx_symbol ch=0 index=4 value=0x005f8063 ns=2163254863
esp32s3_rmt_edge ch=0 enabled=1 level=1 ns=2163254863
esp32s3_rmt_input ch=0 valid=1 level=0 ns=2163299863
esp32s3_rmt_edge ch=0 enabled=1 level=0 ns=2163299863
esp32s3_rmt_input ch=0 valid=1 level=1 ns=2163407863
esp32s3_rmt_rx_symbol ch=0 index=5 value=0x006c802d ns=2163407863
esp32s3_rmt_edge ch=0 enabled=1 level=1 ns=2163407863
esp32s3_rmt_input ch=0 valid=1 level=0 ns=2163469863
esp32s3_rmt_edge ch=0 enabled=1 level=0 ns=2163469863
esp32s3_rmt_input ch=0 valid=1 level=1 ns=2163590863
esp32s3_rmt_rx_symbol ch=0 index=6 value=0x0079803e ns=2163590863
esp32s3_rmt_edge ch=0 enabled=1 level=1 ns=2163590863
esp32s3_rmt_input ch=0 valid=1 level=0 ns=2163669863
esp32s3_rmt_edge ch=0 enabled=1 level=0 ns=2163669863
esp32s3_rmt_input ch=0 valid=1 level=1 ns=2163720863
esp32s3_rmt_rx_symbol ch=0 index=7 value=0x0033804f ns=2163720863
esp32s3_rmt_edge ch=0 enabled=1 level=1 ns=2163720863
esp32s3_rmt_input ch=0 valid=1 level=0 ns=2163816863
esp32s3_rmt_edge ch=0 enabled=1 level=0 ns=2163816863
esp32s3_rmt_input ch=0 valid=1 level=1 ns=2163880863
esp32s3_rmt_rx_symbol ch=0 index=8 value=0x00408060 ns=2163880863
esp32s3_rmt_edge ch=0 enabled=1 level=1 ns=2163880863
esp32s3_rmt_input ch=0 valid=1 level=0 ns=2163922863
esp32s3_rmt_edge ch=0 enabled=1 level=0 ns=2163922863
esp32s3_rmt_input ch=0 valid=1 level=1 ns=2163999863
esp32s3_rmt_rx_symbol ch=0 index=9 value=0x004d802a ns=2163999863
esp32s3_rmt_edge ch=0 enabled=1 level=1 ns=2163999863
esp32s3_rmt_input ch=0 valid=1 level=0 ns=2164058863
esp32s3_rmt_edge ch=0 enabled=1 level=0 ns=2164058863
esp32s3_rmt_input ch=0 valid=1 level=1 ns=2164148863
esp32s3_rmt_rx_symbol ch=0 index=10 value=0x005a803b ns=2164148863
esp32s3_rmt_edge ch=0 enabled=1 level=1 ns=2164148863
esp32s3_rmt_input ch=0 valid=1 level=0 ns=2164224863
esp32s3_rmt_edge ch=0 enabled=1 level=0 ns=2164224863
esp32s3_rmt_input ch=0 valid=1 level=1 ns=2164327863
esp32s3_rmt_rx_symbol ch=0 index=11 value=0x0067804c ns=2164327863
esp32s3_rmt_edge ch=0 enabled=1 level=1 ns=2164327863
esp32s3_rmt_input ch=0 valid=1 level=0 ns=2164420863
esp32s3_rmt_edge ch=0 enabled=1 level=0 ns=2164420863
esp32s3_rmt_input ch=0 valid=1 level=1 ns=2164536863
esp32s3_rmt_rx_symbol ch=0 index=12 value=0x0074805d ns=2164536863
esp32s3_rmt_edge ch=0 enabled=1 level=1 ns=2164536863
esp32s3_rmt_input ch=0 valid=1 level=0 ns=2164575863
esp32s3_rmt_edge ch=0 enabled=1 level=0 ns=2164575863
esp32s3_rmt_input ch=0 valid=1 level=1 ns=2164621863
esp32s3_rmt_rx_symbol ch=0 index=13 value=0x002e8027 ns=2164621863
esp32s3_rmt_edge ch=0 enabled=1 level=1 ns=2164621863
esp32s3_rmt_input ch=0 valid=1 level=0 ns=2164677863
esp32s3_rmt_edge ch=0 enabled=1 level=0 ns=2164677863
esp32s3_rmt_input ch=0 valid=1 level=1 ns=2164736863
esp32s3_rmt_rx_symbol ch=0 index=14 value=0x003b8038 ns=2164736863
esp32s3_rmt_edge ch=0 enabled=1 level=1 ns=2164736863
esp32s3_rmt_input ch=0 valid=1 level=0 ns=2164809863
esp32s3_rmt_edge ch=0 enabled=1 level=0 ns=2164809863
esp32s3_rmt_input ch=0 valid=1 level=1 ns=2164881863
esp32s3_rmt_rx_symbol ch=0 index=15 value=0x00488049 ns=2164881863
esp32s3_rmt_edge ch=0 enabled=1 level=1 ns=2164881863
esp32s3_rmt_input ch=0 valid=1 level=0 ns=2164971863
esp32s3_rmt_edge ch=0 enabled=1 level=0 ns=2164971863
esp32s3_rmt_input ch=0 valid=1 level=1 ns=2165056863
esp32s3_rmt_rx_symbol ch=0 index=16 value=0x0055805a ns=2165056863
esp32s3_rmt_edge ch=0 enabled=1 level=1 ns=2165056863
esp32s3_rmt_input ch=0 valid=1 level=0 ns=2165092863
esp32s3_rmt_edge ch=0 enabled=1 level=0 ns=2165092863
esp32s3_rmt_input ch=0 valid=1 level=1 ns=2165190863
esp32s3_rmt_rx_symbol ch=0 index=17 value=0x00628024 ns=2165190863
esp32s3_rmt_edge ch=0 enabled=1 level=1 ns=2165190863
esp32s3_rmt_input ch=0 valid=1 level=0 ns=2165243863
esp32s3_rmt_edge ch=0 enabled=1 level=0 ns=2165243863
esp32s3_rmt_input ch=0 valid=1 level=1 ns=2165354863
esp32s3_rmt_rx_symbol ch=0 index=18 value=0x006f8035 ns=2165354863
esp32s3_rmt_edge ch=0 enabled=1 level=1 ns=2165354863
esp32s3_rmt_input ch=0 valid=1 level=0 ns=2165424863
esp32s3_rmt_edge ch=0 enabled=1 level=0 ns=2165424863
esp32s3_rmt_input ch=0 valid=1 level=1 ns=2165548863
esp32s3_rmt_rx_symbol ch=0 index=19 value=0x007c8046 ns=2165548863
esp32s3_rmt_edge ch=0 enabled=1 level=1 ns=2165548863
esp32s3_rmt_input ch=0 valid=1 level=0 ns=2165635863
esp32s3_rmt_edge ch=0 enabled=1 level=0 ns=2165635863
esp32s3_rmt_input ch=0 valid=1 level=1 ns=2165689863
esp32s3_rmt_rx_symbol ch=0 index=20 value=0x00368057 ns=2165689863
esp32s3_rmt_edge ch=0 enabled=1 level=1 ns=2165689863
esp32s3_rmt_input ch=0 valid=1 level=0 ns=2165722863
esp32s3_rmt_edge ch=0 enabled=1 level=0 ns=2165722863
esp32s3_rmt_input ch=0 valid=1 level=1 ns=2165789863
esp32s3_rmt_rx_symbol ch=0 index=21 value=0x00438021 ns=2165789863
esp32s3_rmt_edge ch=0 enabled=1 level=1 ns=2165789863
esp32s3_rmt_input ch=0 valid=1 level=0 ns=2165839863
esp32s3_rmt_edge ch=0 enabled=1 level=0 ns=2165839863
esp32s3_rmt_input ch=0 valid=1 level=1 ns=2165919863
esp32s3_rmt_rx_symbol ch=0 index=22 value=0x00508032 ns=2165919863
esp32s3_rmt_edge ch=0 enabled=1 level=1 ns=2165919863
esp32s3_rmt_input ch=0 valid=1 level=0 ns=2165986863
esp32s3_rmt_edge ch=0 enabled=1 level=0 ns=2165986863
esp32s3_rmt_input ch=0 valid=1 level=1 ns=2166079863
esp32s3_rmt_rx_symbol ch=0 index=23 value=0x005d8043 ns=2166079863
esp32s3_rmt_edge ch=0 enabled=1 level=1 ns=2166079863
esp32s3_rmt_input ch=0 valid=1 level=0 ns=2166163863
esp32s3_rmt_edge ch=0 enabled=1 level=0 ns=2166163863
esp32s3_rmt_input ch=0 valid=1 level=1 ns=2166269863
esp32s3_rmt_rx_symbol ch=0 index=24 value=0x006a8054 ns=2166269863
esp32s3_rmt_edge ch=0 enabled=1 level=1 ns=2166269863
esp32s3_rmt_input ch=0 valid=1 level=0 ns=2166370863
esp32s3_rmt_edge ch=0 enabled=1 level=0 ns=2166370863
esp32s3_rmt_input ch=0 valid=1 level=1 ns=2166489863
esp32s3_rmt_rx_symbol ch=0 index=25 value=0x00778065 ns=2166489863
esp32s3_rmt_edge ch=0 enabled=1 level=1 ns=2166489863
esp32s3_rmt_input ch=0 valid=1 level=0 ns=2166536863
esp32s3_rmt_edge ch=0 enabled=1 level=0 ns=2166536863
esp32s3_rmt_input ch=0 valid=1 level=1 ns=2166585863
esp32s3_rmt_rx_symbol ch=0 index=26 value=0x0031802f ns=2166585863
esp32s3_rmt_edge ch=0 enabled=1 level=1 ns=2166585863
esp32s3_rmt_input ch=0 valid=1 level=0 ns=2166649863
esp32s3_rmt_edge ch=0 enabled=1 level=0 ns=2166649863
esp32s3_rmt_input ch=0 valid=1 level=1 ns=2166711863
esp32s3_rmt_rx_symbol ch=0 index=27 value=0x003e8040 ns=2166711863
esp32s3_rmt_edge ch=0 enabled=1 level=1 ns=2166711863
esp32s3_rmt_input ch=0 valid=1 level=0 ns=2166792863
esp32s3_rmt_edge ch=0 enabled=1 level=0 ns=2166792863
esp32s3_rmt_input ch=0 valid=1 level=1 ns=2166867863
esp32s3_rmt_rx_symbol ch=0 index=28 value=0x004b8051 ns=2166867863
esp32s3_rmt_edge ch=0 enabled=1 level=1 ns=2166867863
esp32s3_rmt_input ch=0 valid=1 level=0 ns=2166965863
esp32s3_rmt_edge ch=0 enabled=1 level=0 ns=2166965863
esp32s3_rmt_input ch=0 valid=1 level=1 ns=2167053863
esp32s3_rmt_rx_symbol ch=0 index=29 value=0x00588062 ns=2167053863
esp32s3_rmt_edge ch=0 enabled=1 level=1 ns=2167053863
esp32s3_rmt_input ch=0 valid=1 level=0 ns=2167097863
esp32s3_rmt_edge ch=0 enabled=1 level=0 ns=2167097863
esp32s3_rmt_input ch=0 valid=1 level=1 ns=2167198863
esp32s3_rmt_rx_symbol ch=0 index=30 value=0x0065802c ns=2167198863
esp32s3_rmt_edge ch=0 enabled=1 level=1 ns=2167198863
esp32s3_rmt_input ch=0 valid=1 level=0 ns=2167259863
esp32s3_rmt_edge ch=0 enabled=1 level=0 ns=2167259863
esp32s3_rmt_input ch=0 valid=1 level=1 ns=2167373863
esp32s3_rmt_rx_symbol ch=0 index=31 value=0x0072803d ns=2167373863
esp32s3_rmt_edge ch=0 enabled=1 level=1 ns=2167373863
esp32s3_rmt_input ch=0 valid=1 level=0 ns=2167451863
esp32s3_rmt_edge ch=0 enabled=1 level=0 ns=2167451863
esp32s3_rmt_input ch=0 valid=1 level=1 ns=2167495863
esp32s3_rmt_rx_symbol ch=0 index=32 value=0x002c804e ns=2167495863
esp32s3_rmt_edge ch=0 enabled=1 level=1 ns=2167495863
esp32s3_rmt_input ch=0 valid=1 level=0 ns=2167590863
esp32s3_rmt_edge ch=0 enabled=1 level=0 ns=2167590863
esp32s3_rmt_input ch=0 valid=1 level=1 ns=2167647863
esp32s3_rmt_rx_symbol ch=0 index=33 value=0x0039805f ns=2167647863
esp32s3_rmt_edge ch=0 enabled=1 level=1 ns=2167647863
esp32s3_rmt_input ch=0 valid=1 level=0 ns=2167688863
esp32s3_rmt_edge ch=0 enabled=1 level=0 ns=2167688863
esp32s3_rmt_input ch=0 valid=1 level=1 ns=2167758863
esp32s3_rmt_rx_symbol ch=0 index=34 value=0x00468029 ns=2167758863
esp32s3_rmt_edge ch=0 enabled=1 level=1 ns=2167758863
esp32s3_rmt_input ch=0 valid=1 level=0 ns=2167816863
esp32s3_rmt_edge ch=0 enabled=1 level=0 ns=2167816863
esp32s3_rmt_input ch=0 valid=1 level=1 ns=2167899863
esp32s3_rmt_rx_symbol ch=0 index=35 value=0x0053803a ns=2167899863
esp32s3_rmt_edge ch=0 enabled=1 level=1 ns=2167899863
esp32s3_rmt_input ch=0 valid=1 level=0 ns=2167974863
esp32s3_rmt_edge ch=0 enabled=1 level=0 ns=2167974863
esp32s3_rmt_input ch=0 valid=1 level=1 ns=2168070863
esp32s3_rmt_rx_symbol ch=0 index=36 value=0x0060804b ns=2168070863
esp32s3_rmt_edge ch=0 enabled=1 level=1 ns=2168070863
esp32s3_rmt_input ch=0 valid=1 level=0 ns=2168162863
esp32s3_rmt_edge ch=0 enabled=1 level=0 ns=2168162863
esp32s3_rmt_input ch=0 valid=1 level=1 ns=2168271863
esp32s3_rmt_rx_symbol ch=0 index=37 value=0x006d805c ns=2168271863
esp32s3_rmt_edge ch=0 enabled=1 level=1 ns=2168271863
esp32s3_rmt_input ch=0 valid=1 level=0 ns=2168309863
esp32s3_rmt_edge ch=0 enabled=1 level=0 ns=2168309863
esp32s3_rmt_input ch=0 valid=1 level=1 ns=2168431863
esp32s3_rmt_rx_symbol ch=0 index=38 value=0x007a8026 ns=2168431863
esp32s3_rmt_edge ch=0 enabled=1 level=1 ns=2168431863
esp32s3_rmt_input ch=0 valid=1 level=0 ns=2168486863
esp32s3_rmt_edge ch=0 enabled=1 level=0 ns=2168486863
esp32s3_rmt_input ch=0 valid=1 level=1 ns=2168538863
esp32s3_rmt_rx_symbol ch=0 index=39 value=0x00348037 ns=2168538863
esp32s3_rmt_edge ch=0 enabled=1 level=1 ns=2168538863
esp32s3_rmt_input ch=0 valid=1 level=0 ns=2168610863
esp32s3_rmt_edge ch=0 enabled=1 level=0 ns=2168610863
esp32s3_rmt_input ch=0 valid=1 level=1 ns=2168675863
esp32s3_rmt_rx_symbol ch=0 index=40 value=0x00418048 ns=2168675863
esp32s3_rmt_edge ch=0 enabled=1 level=1 ns=2168675863
esp32s3_rmt_input ch=0 valid=1 level=0 ns=2168764863
esp32s3_rmt_edge ch=0 enabled=1 level=0 ns=2168764863
esp32s3_rmt_input ch=0 valid=1 level=1 ns=2168842863
esp32s3_rmt_rx_symbol ch=0 index=41 value=0x004e8059 ns=2168842863
esp32s3_rmt_edge ch=0 enabled=1 level=1 ns=2168842863
esp32s3_rmt_input ch=0 valid=1 level=0 ns=2168877863
esp32s3_rmt_edge ch=0 enabled=1 level=0 ns=2168877863
esp32s3_rmt_input ch=0 valid=1 level=1 ns=2168968863
esp32s3_rmt_rx_symbol ch=0 index=42 value=0x005b8023 ns=2168968863
esp32s3_rmt_edge ch=0 enabled=1 level=1 ns=2168968863
esp32s3_rmt_input ch=0 valid=1 level=0 ns=2169020863
esp32s3_rmt_edge ch=0 enabled=1 level=0 ns=2169020863
esp32s3_rmt_input ch=0 valid=1 level=1 ns=2169124863
esp32s3_rmt_rx_symbol ch=0 index=43 value=0x00688034 ns=2169124863
esp32s3_rmt_edge ch=0 enabled=1 level=1 ns=2169124863
esp32s3_rmt_input ch=0 valid=1 level=0 ns=2169193863
esp32s3_rmt_edge ch=0 enabled=1 level=0 ns=2169193863
esp32s3_rmt_input ch=0 valid=1 level=1 ns=2169310863
esp32s3_rmt_rx_symbol ch=0 index=44 value=0x00758045 ns=2169310863
esp32s3_rmt_edge ch=0 enabled=1 level=1 ns=2169310863
esp32s3_rmt_input ch=0 valid=1 level=0 ns=2169396863
esp32s3_rmt_edge ch=0 enabled=1 level=0 ns=2169396863
esp32s3_rmt_input ch=0 valid=1 level=1 ns=2169443863
esp32s3_rmt_rx_symbol ch=0 index=45 value=0x002f8056 ns=2169443863
esp32s3_rmt_edge ch=0 enabled=1 level=1 ns=2169443863
esp32s3_rmt_input ch=0 valid=1 level=0 ns=2169475863
esp32s3_rmt_edge ch=0 enabled=1 level=0 ns=2169475863
esp32s3_rmt_input ch=0 valid=1 level=1 ns=2169535863
esp32s3_rmt_rx_symbol ch=0 index=46 value=0x003c8020 ns=2169535863
esp32s3_rmt_edge ch=0 enabled=1 level=1 ns=2169535863
esp32s3_rmt_input ch=0 valid=1 level=0 ns=2169584863
esp32s3_rmt_edge ch=0 enabled=1 level=0 ns=2169584863
esp32s3_rmt_input ch=0 valid=1 level=1 ns=2169657863
esp32s3_rmt_rx_symbol ch=0 index=47 value=0x00498031 ns=2169657863
esp32s3_rmt_edge ch=0 enabled=1 level=1 ns=2169657863
esp32s3_rmt_input ch=0 valid=1 level=0 ns=2169723863
esp32s3_rmt_edge ch=0 enabled=1 level=0 ns=2169723863
esp32s3_rmt_input ch=0 valid=1 level=1 ns=2169809863
esp32s3_rmt_rx_symbol ch=0 index=0 value=0x00568042 ns=2169809863
esp32s3_rmt_edge ch=0 enabled=1 level=1 ns=2169809863
esp32s3_rmt_input ch=0 valid=1 level=0 ns=2169892863
esp32s3_rmt_edge ch=0 enabled=1 level=0 ns=2169892863
esp32s3_rmt_input ch=0 valid=1 level=1 ns=2169991863
esp32s3_rmt_rx_symbol ch=0 index=1 value=0x00638053 ns=2169991863
esp32s3_rmt_edge ch=0 enabled=1 level=1 ns=2169991863
esp32s3_rmt_input ch=0 valid=1 level=0 ns=2170091863
esp32s3_rmt_edge ch=0 enabled=1 level=0 ns=2170091863
esp32s3_rmt_input ch=0 valid=1 level=1 ns=2170203863
esp32s3_rmt_rx_symbol ch=0 index=2 value=0x00708064 ns=2170203863
esp32s3_rmt_edge ch=0 enabled=1 level=1 ns=2170203863
esp32s3_rmt_input ch=0 valid=1 level=0 ns=2170249863
esp32s3_rmt_edge ch=0 enabled=1 level=0 ns=2170249863
esp32s3_rmt_input ch=0 valid=1 level=1 ns=2170374863
esp32s3_rmt_rx_symbol ch=0 index=3 value=0x007d802e ns=2170374863
esp32s3_rmt_edge ch=0 enabled=1 level=1 ns=2170374863
esp32s3_rmt_input ch=0 valid=1 level=0 ns=2170437863
esp32s3_rmt_edge ch=0 enabled=1 level=0 ns=2170437863
esp32s3_rmt_input ch=0 valid=1 level=1 ns=2170492863
esp32s3_rmt_rx_symbol ch=0 index=4 value=0x0037803f ns=2170492863
esp32s3_rmt_edge ch=0 enabled=1 level=1 ns=2170492863
esp32s3_rmt_input ch=0 valid=1 level=0 ns=2170572863
esp32s3_rmt_edge ch=0 enabled=1 level=0 ns=2170572863
esp32s3_rmt_input ch=0 valid=1 level=1 ns=2170640863
esp32s3_rmt_rx_symbol ch=0 index=5 value=0x00448050 ns=2170640863
esp32s3_rmt_edge ch=0 enabled=1 level=1 ns=2170640863
esp32s3_rmt_input ch=0 valid=1 level=0 ns=2170737863
esp32s3_rmt_edge ch=0 enabled=1 level=0 ns=2170737863
esp32s3_rmt_input ch=0 valid=1 level=1 ns=2170818863
esp32s3_rmt_rx_symbol ch=0 index=6 value=0x00518061 ns=2170818863
esp32s3_rmt_edge ch=0 enabled=1 level=1 ns=2170818863
esp32s3_rmt_input ch=0 valid=1 level=0 ns=2170861863
esp32s3_rmt_edge ch=0 enabled=1 level=0 ns=2170861863
esp32s3_rmt_input ch=0 valid=1 level=1 ns=2170955863
esp32s3_rmt_rx_symbol ch=0 index=7 value=0x005e802b ns=2170955863
esp32s3_rmt_edge ch=0 enabled=1 level=1 ns=2170955863
esp32s3_rmt_input ch=0 valid=1 level=0 ns=2171015863
esp32s3_rmt_edge ch=0 enabled=1 level=0 ns=2171015863
esp32s3_rmt_input ch=0 valid=1 level=1 ns=2171122863
esp32s3_rmt_rx_symbol ch=0 index=8 value=0x006b803c ns=2171122863
esp32s3_rmt_edge ch=0 enabled=1 level=1 ns=2171122863
esp32s3_rmt_input ch=0 valid=1 level=0 ns=2171199863
esp32s3_rmt_edge ch=0 enabled=1 level=0 ns=2171199863
esp32s3_rmt_input ch=0 valid=1 level=1 ns=2171319863
esp32s3_rmt_rx_symbol ch=0 index=9 value=0x0078804d ns=2171319863
esp32s3_rmt_edge ch=0 enabled=1 level=1 ns=2171319863
esp32s3_rmt_input ch=0 valid=1 level=0 ns=2171413863
esp32s3_rmt_edge ch=0 enabled=1 level=0 ns=2171413863
esp32s3_rmt_input ch=0 valid=1 level=1 ns=2171463863
esp32s3_rmt_rx_symbol ch=0 index=10 value=0x0032805e ns=2171463863
esp32s3_rmt_edge ch=0 enabled=1 level=1 ns=2171463863
esp32s3_rmt_input ch=0 valid=1 level=0 ns=2171503863
esp32s3_rmt_edge ch=0 enabled=1 level=0 ns=2171503863
esp32s3_rmt_input ch=0 valid=1 level=1 ns=2171566863
esp32s3_rmt_rx_symbol ch=0 index=11 value=0x003f8028 ns=2171566863
esp32s3_rmt_edge ch=0 enabled=1 level=1 ns=2171566863
esp32s3_rmt_input ch=0 valid=1 level=0 ns=2171623863
esp32s3_rmt_edge ch=0 enabled=1 level=0 ns=2171623863
esp32s3_rmt_input ch=0 valid=1 level=1 ns=2171699863
esp32s3_rmt_rx_symbol ch=0 index=12 value=0x004c8039 ns=2171699863
esp32s3_rmt_edge ch=0 enabled=1 level=1 ns=2171699863
esp32s3_rmt_input ch=0 valid=1 level=0 ns=2171773863
esp32s3_rmt_edge ch=0 enabled=1 level=0 ns=2171773863
esp32s3_rmt_input ch=0 valid=1 level=1 ns=2171862863
esp32s3_rmt_rx_symbol ch=0 index=13 value=0x0059804a ns=2171862863
esp32s3_rmt_edge ch=0 enabled=1 level=1 ns=2171862863
esp32s3_rmt_input ch=0 valid=1 level=0 ns=2171953863
esp32s3_rmt_edge ch=0 enabled=1 level=0 ns=2171953863
esp32s3_rmt_input ch=0 valid=1 level=1 ns=2172055863
esp32s3_rmt_rx_symbol ch=0 index=14 value=0x0066805b ns=2172055863
esp32s3_rmt_edge ch=0 enabled=1 level=1 ns=2172055863
esp32s3_rmt_input ch=0 valid=1 level=0 ns=2172092863
esp32s3_rmt_edge ch=0 enabled=1 level=0 ns=2172092863
esp32s3_rmt_input ch=0 valid=1 level=1 ns=2172207863
esp32s3_rmt_rx_symbol ch=0 index=15 value=0x00738025 ns=2172207863
esp32s3_rmt_edge ch=0 enabled=1 level=1 ns=2172207863
esp32s3_rmt_input ch=0 valid=1 level=0 ns=2172261863
esp32s3_rmt_edge ch=0 enabled=1 level=0 ns=2172261863
esp32s3_rmt_input ch=0 valid=1 level=1 ns=2172306863
esp32s3_rmt_rx_symbol ch=0 index=16 value=0x002d8036 ns=2172306863
esp32s3_rmt_edge ch=0 enabled=1 level=1 ns=2172306863
esp32s3_rmt_input ch=0 valid=1 level=0 ns=2172377863
esp32s3_rmt_edge ch=0 enabled=1 level=0 ns=2172377863
esp32s3_rmt_input ch=0 valid=1 level=1 ns=2172435863
esp32s3_rmt_rx_symbol ch=0 index=17 value=0x003a8047 ns=2172435863
esp32s3_rmt_edge ch=0 enabled=1 level=1 ns=2172435863
esp32s3_rmt_input ch=0 valid=1 level=0 ns=2172523863
esp32s3_rmt_edge ch=0 enabled=1 level=0 ns=2172523863
esp32s3_rmt_input ch=0 valid=1 level=1 ns=2172594863
esp32s3_rmt_rx_symbol ch=0 index=18 value=0x00478058 ns=2172594863
esp32s3_rmt_edge ch=0 enabled=1 level=1 ns=2172594863
esp32s3_rmt_input ch=0 valid=1 level=0 ns=2172628863
esp32s3_rmt_edge ch=0 enabled=1 level=0 ns=2172628863
esp32s3_rmt_input ch=0 valid=1 level=1 ns=2172712863
esp32s3_rmt_rx_symbol ch=0 index=19 value=0x00548022 ns=2172712863
esp32s3_rmt_edge ch=0 enabled=1 level=1 ns=2172712863
esp32s3_rmt_input ch=0 valid=1 level=0 ns=2172763863
esp32s3_rmt_edge ch=0 enabled=1 level=0 ns=2172763863
esp32s3_rmt_input ch=0 valid=1 level=1 ns=2172860863
esp32s3_rmt_rx_symbol ch=0 index=20 value=0x00618033 ns=2172860863
esp32s3_rmt_edge ch=0 enabled=1 level=1 ns=2172860863
esp32s3_rmt_input ch=0 valid=1 level=0 ns=2172928863
esp32s3_rmt_edge ch=0 enabled=1 level=0 ns=2172928863
esp32s3_rmt_input ch=0 valid=1 level=1 ns=2173038863
esp32s3_rmt_rx_symbol ch=0 index=21 value=0x006e8044 ns=2173038863
esp32s3_rmt_edge ch=0 enabled=1 level=1 ns=2173038863
esp32s3_rmt_input ch=0 valid=1 level=0 ns=2173123863
esp32s3_rmt_edge ch=0 enabled=1 level=0 ns=2173123863
esp32s3_rmt_input ch=0 valid=1 level=1 ns=2173246863
esp32s3_rmt_rx_symbol ch=0 index=22 value=0x007b8055 ns=2173246863
esp32s3_rmt_edge ch=0 enabled=1 level=1 ns=2173246863
esp32s3_rmt_input ch=0 valid=1 level=0 ns=2173277863
esp32s3_rmt_edge ch=0 enabled=1 level=0 ns=2173277863
esp32s3_rmt_input ch=0 valid=1 level=1 ns=2173330863
esp32s3_rmt_rx_symbol ch=0 index=23 value=0x0035801f ns=2173330863
esp32s3_rmt_edge ch=0 enabled=1 level=1 ns=2173330863
esp32s3_rmt_input ch=0 valid=1 level=0 ns=2173378863
esp32s3_rmt_edge ch=0 enabled=1 level=0 ns=2173378863
esp32s3_rmt_input ch=0 valid=1 level=1 ns=2173444863
esp32s3_rmt_rx_symbol ch=0 index=24 value=0x00428030 ns=2173444863
esp32s3_rmt_edge ch=0 enabled=1 level=1 ns=2173444863
esp32s3_rmt_input ch=0 valid=1 level=0 ns=2173509863
esp32s3_rmt_edge ch=0 enabled=1 level=0 ns=2173509863
esp32s3_rmt_input ch=0 valid=1 level=1 ns=2173588863
esp32s3_rmt_rx_symbol ch=0 index=25 value=0x004f8041 ns=2173588863
esp32s3_rmt_edge ch=0 enabled=1 level=1 ns=2173588863
esp32s3_rmt_input ch=0 valid=1 level=0 ns=2173670863
esp32s3_rmt_edge ch=0 enabled=1 level=0 ns=2173670863
esp32s3_rmt_input ch=0 valid=1 level=1 ns=2173762863
esp32s3_rmt_rx_symbol ch=0 index=26 value=0x005c8052 ns=2173762863
esp32s3_rmt_edge ch=0 enabled=1 level=1 ns=2173762863
esp32s3_rmt_input ch=0 valid=1 level=0 ns=2173861863
esp32s3_rmt_edge ch=0 enabled=1 level=0 ns=2173861863
esp32s3_rmt_input ch=0 valid=1 level=1 ns=2173966863
esp32s3_rmt_rx_symbol ch=0 index=27 value=0x00698063 ns=2173966863
esp32s3_rmt_edge ch=0 enabled=1 level=1 ns=2173966863
esp32s3_rmt_input ch=0 valid=1 level=0 ns=2174011863
esp32s3_rmt_edge ch=0 enabled=1 level=0 ns=2174011863
esp32s3_rmt_input ch=0 valid=1 level=1 ns=2174129863
esp32s3_rmt_rx_symbol ch=0 index=28 value=0x0076802d ns=2174129863
esp32s3_rmt_edge ch=0 enabled=1 level=1 ns=2174129863
esp32s3_rmt_input ch=0 valid=1 level=0 ns=2174191863
esp32s3_rmt_edge ch=0 enabled=1 level=0 ns=2174191863
esp32s3_rmt_input ch=0 valid=1 level=1 ns=2174239863
esp32s3_rmt_rx_symbol ch=0 index=29 value=0x0030803e ns=2174239863
esp32s3_rmt_edge ch=0 enabled=1 level=1 ns=2174239863
esp32s3_rmt_input ch=0 valid=1 level=0 ns=2174318863
esp32s3_rmt_edge ch=0 enabled=1 level=0 ns=2174318863
esp32s3_rmt_input ch=0 valid=1 level=1 ns=2174379863
esp32s3_rmt_rx_symbol ch=0 index=30 value=0x003d804f ns=2174379863
esp32s3_rmt_edge ch=0 enabled=1 level=1 ns=2174379863
esp32s3_rmt_input ch=0 valid=1 level=0 ns=2174475863
esp32s3_rmt_edge ch=0 enabled=1 level=0 ns=2174475863
esp32s3_rmt_input ch=0 valid=1 level=1 ns=2174549863
esp32s3_rmt_rx_symbol ch=0 index=31 value=0x004a8060 ns=2174549863
esp32s3_rmt_edge ch=0 enabled=1 level=1 ns=2174549863
esp32s3_rmt_input ch=0 valid=1 level=0 ns=2174591863
esp32s3_rmt_edge ch=0 enabled=1 level=0 ns=2174591863
esp32s3_rmt_input ch=0 valid=1 level=1 ns=2174678863
esp32s3_rmt_rx_symbol ch=0 index=32 value=0x0057802a ns=2174678863
esp32s3_rmt_edge ch=0 enabled=1 level=1 ns=2174678863
esp32s3_rmt_input ch=0 valid=1 level=0 ns=2174737863
esp32s3_rmt_edge ch=0 enabled=1 level=0 ns=2174737863
esp32s3_rmt_input ch=0 valid=1 level=1 ns=2174837863
esp32s3_rmt_rx_symbol ch=0 index=33 value=0x0064803b ns=2174837863
esp32s3_rmt_edge ch=0 enabled=1 level=1 ns=2174837863
esp32s3_rmt_input ch=0 valid=1 level=0 ns=2174913863
esp32s3_rmt_edge ch=0 enabled=1 level=0 ns=2174913863
esp32s3_rmt_input ch=0 valid=1 level=1 ns=2175026863
esp32s3_rmt_rx_symbol ch=0 index=34 value=0x0071804c ns=2175026863
esp32s3_rmt_edge ch=0 enabled=1 level=1 ns=2175026863
esp32s3_rmt_input ch=0 valid=1 level=0 ns=2175119863
esp32s3_rmt_edge ch=0 enabled=1 level=0 ns=2175119863
esp32s3_rmt_input ch=0 valid=1 level=1 ns=2175162863
esp32s3_rmt_rx_symbol ch=0 index=35 value=0x002b805d ns=2175162863
esp32s3_rmt_edge ch=0 enabled=1 level=1 ns=2175162863
esp32s3_rmt_input ch=0 valid=1 level=0 ns=2175201863
esp32s3_rmt_edge ch=0 enabled=1 level=0 ns=2175201863
esp32s3_rmt_input ch=0 valid=1 level=1 ns=2175257863
esp32s3_rmt_rx_symbol ch=0 index=36 value=0x00388027 ns=2175257863
esp32s3_rmt_edge ch=0 enabled=1 level=1 ns=2175257863
esp32s3_rmt_input ch=0 valid=1 level=0 ns=2175313863
esp32s3_rmt_edge ch=0 enabled=1 level=0 ns=2175313863
esp32s3_rmt_input ch=0 valid=1 level=1 ns=2175382863
esp32s3_rmt_rx_symbol ch=0 index=37 value=0x00458038 ns=2175382863
esp32s3_rmt_edge ch=0 enabled=1 level=1 ns=2175382863
esp32s3_rmt_input ch=0 valid=1 level=0 ns=2175455863
esp32s3_rmt_edge ch=0 enabled=1 level=0 ns=2175455863
esp32s3_rmt_input ch=0 valid=1 level=1 ns=2175537863
esp32s3_rmt_rx_symbol ch=0 index=38 value=0x00528049 ns=2175537863
esp32s3_rmt_edge ch=0 enabled=1 level=1 ns=2175537863
esp32s3_rmt_input ch=0 valid=1 level=0 ns=2175627863
esp32s3_rmt_edge ch=0 enabled=1 level=0 ns=2175627863
esp32s3_rmt_input ch=0 valid=1 level=1 ns=2175722863
esp32s3_rmt_rx_symbol ch=0 index=39 value=0x005f805a ns=2175722863
esp32s3_rmt_edge ch=0 enabled=1 level=1 ns=2175722863
esp32s3_rmt_input ch=0 valid=1 level=0 ns=2175758863
esp32s3_rmt_edge ch=0 enabled=1 level=0 ns=2175758863
esp32s3_rmt_input ch=0 valid=1 level=1 ns=2175866863
esp32s3_rmt_rx_symbol ch=0 index=40 value=0x006c8024 ns=2175866863
esp32s3_rmt_edge ch=0 enabled=1 level=1 ns=2175866863
esp32s3_rmt_input ch=0 valid=1 level=0 ns=2175919863
esp32s3_rmt_edge ch=0 enabled=1 level=0 ns=2175919863
esp32s3_rmt_input ch=0 valid=1 level=1 ns=2176040863
esp32s3_rmt_rx_symbol ch=0 index=41 value=0x00798035 ns=2176040863
esp32s3_rmt_edge ch=0 enabled=1 level=1 ns=2176040863
esp32s3_rmt_input ch=0 valid=1 level=0 ns=2176110863
esp32s3_rmt_edge ch=0 enabled=1 level=0 ns=2176110863
esp32s3_rmt_input ch=0 valid=1 level=1 ns=2176161863
esp32s3_rmt_rx_symbol ch=0 index=42 value=0x00338046 ns=2176161863
esp32s3_rmt_edge ch=0 enabled=1 level=1 ns=2176161863
esp32s3_rmt_input ch=0 valid=1 level=0 ns=2176248863
esp32s3_rmt_edge ch=0 enabled=1 level=0 ns=2176248863
esp32s3_rmt_input ch=0 valid=1 level=1 ns=2176312863
esp32s3_rmt_rx_symbol ch=0 index=43 value=0x00408057 ns=2176312863
esp32s3_rmt_edge ch=0 enabled=1 level=1 ns=2176312863
esp32s3_rmt_input ch=0 valid=1 level=0 ns=2176345863
esp32s3_rmt_edge ch=0 enabled=1 level=0 ns=2176345863
esp32s3_rmt_input ch=0 valid=1 level=1 ns=2176422863
esp32s3_rmt_rx_symbol ch=0 index=44 value=0x004d8021 ns=2176422863
esp32s3_rmt_edge ch=0 enabled=1 level=1 ns=2176422863
esp32s3_rmt_input ch=0 valid=1 level=0 ns=2176472863
esp32s3_rmt_edge ch=0 enabled=1 level=0 ns=2176472863
esp32s3_rmt_input ch=0 valid=1 level=1 ns=2176562863
esp32s3_rmt_rx_symbol ch=0 index=45 value=0x005a8032 ns=2176562863
esp32s3_rmt_edge ch=0 enabled=1 level=1 ns=2176562863
esp32s3_rmt_input ch=0 valid=1 level=0 ns=2176629863
esp32s3_rmt_edge ch=0 enabled=1 level=0 ns=2176629863
esp32s3_rmt_input ch=0 valid=1 level=1 ns=2176732863
esp32s3_rmt_rx_symbol ch=0 index=46 value=0x00678043 ns=2176732863
esp32s3_rmt_edge ch=0 enabled=1 level=1 ns=2176732863
esp32s3_rmt_input ch=0 valid=1 level=0 ns=2176816863
esp32s3_rmt_edge ch=0 enabled=1 level=0 ns=2176816863
esp32s3_rmt_input ch=0 valid=1 level=1 ns=2176932863
esp32s3_rmt_rx_symbol ch=0 index=47 value=0x00748054 ns=2176932863
esp32s3_rmt_edge ch=0 enabled=1 level=1 ns=2176932863
esp32s3_rmt_input ch=0 valid=1 level=0 ns=2177033863
esp32s3_rmt_edge ch=0 enabled=1 level=0 ns=2177033863
esp32s3_rmt_input ch=0 valid=1 level=1 ns=2177079863
esp32s3_rmt_rx_symbol ch=0 index=0 value=0x002e8065 ns=2177079863
esp32s3_rmt_edge ch=0 enabled=1 level=1 ns=2177079863
esp32s3_rmt_input ch=0 valid=1 level=0 ns=2177126863
esp32s3_rmt_edge ch=0 enabled=1 level=0 ns=2177126863
esp32s3_rmt_input ch=0 valid=1 level=1 ns=2177185863
esp32s3_rmt_rx_symbol ch=0 index=1 value=0x003b802f ns=2177185863
esp32s3_rmt_edge ch=0 enabled=1 level=1 ns=2177185863
esp32s3_rmt_input ch=0 valid=1 level=0 ns=2177249863
esp32s3_rmt_edge ch=0 enabled=1 level=0 ns=2177249863
esp32s3_rmt_input ch=0 valid=1 level=1 ns=2177321863
esp32s3_rmt_rx_symbol ch=0 index=2 value=0x00488040 ns=2177321863
esp32s3_rmt_edge ch=0 enabled=1 level=1 ns=2177321863
esp32s3_rmt_input ch=0 valid=1 level=0 ns=2177402863
esp32s3_rmt_edge ch=0 enabled=1 level=0 ns=2177402863
esp32s3_rmt_input ch=0 valid=1 level=1 ns=2177487863
esp32s3_rmt_rx_symbol ch=0 index=3 value=0x00558051 ns=2177487863
esp32s3_rmt_edge ch=0 enabled=1 level=1 ns=2177487863
esp32s3_rmt_input ch=0 valid=1 level=0 ns=2177585863
esp32s3_rmt_edge ch=0 enabled=1 level=0 ns=2177585863
esp32s3_rmt_input ch=0 valid=1 level=1 ns=2177683863
esp32s3_rmt_rx_symbol ch=0 index=4 value=0x00628062 ns=2177683863
esp32s3_rmt_edge ch=0 enabled=1 level=1 ns=2177683863
esp32s3_rmt_input ch=0 valid=1 level=0 ns=2177727863
esp32s3_rmt_edge ch=0 enabled=1 level=0 ns=2177727863
esp32s3_rmt_input ch=0 valid=1 level=1 ns=2177838863
esp32s3_rmt_rx_symbol ch=0 index=5 value=0x006f802c ns=2177838863
esp32s3_rmt_edge ch=0 enabled=1 level=1 ns=2177838863
esp32s3_rmt_input ch=0 valid=1 level=0 ns=2177899863
esp32s3_rmt_edge ch=0 enabled=1 level=0 ns=2177899863
esp32s3_rmt_input ch=0 valid=1 level=1 ns=2178023863
esp32s3_rmt_rx_symbol ch=0 index=6 value=0x007c803d ns=2178023863
esp32s3_rmt_edge ch=0 enabled=1 level=1 ns=2178023863
esp32s3_rmt_input ch=0 valid=1 level=0 ns=2178101863
esp32s3_rmt_edge ch=0 enabled=1 level=0 ns=2178101863
esp32s3_rmt_input ch=0 valid=1 level=1 ns=2178155863
esp32s3_rmt_rx_symbol ch=0 index=7 value=0x0036804e ns=2178155863
esp32s3_rmt_edge ch=0 enabled=1 level=1 ns=2178155863
esp32s3_rmt_input ch=0 valid=1 level=0 ns=2178250863
esp32s3_rmt_edge ch=0 enabled=1 level=0 ns=2178250863
esp32s3_rmt_input ch=0 valid=1 level=1 ns=2178317863
esp32s3_rmt_rx_symbol ch=0 index=8 value=0x0043805f ns=2178317863
esp32s3_rmt_edge ch=0 enabled=1 level=1 ns=2178317863
esp32s3_rmt_input ch=0 valid=1 level=0 ns=2178358863
esp32s3_rmt_edge ch=0 enabled=1 level=0 ns=2178358863
esp32s3_rmt_input ch=0 valid=1 level=1 ns=2178438863
esp32s3_rmt_rx_symbol ch=0 index=9 value=0x00508029 ns=2178438863
esp32s3_rmt_edge ch=0 enabled=1 level=1 ns=2178438863
esp32s3_rmt_input ch=0 valid=1 level=0 ns=2178496863
esp32s3_rmt_edge ch=0 enabled=1 level=0 ns=2178496863
esp32s3_rmt_input ch=0 valid=1 level=1 ns=2178589863
esp32s3_rmt_rx_symbol ch=0 index=10 value=0x005d803a ns=2178589863
esp32s3_rmt_edge ch=0 enabled=1 level=1 ns=2178589863
esp32s3_rmt_input ch=0 valid=1 level=0 ns=2178664863
esp32s3_rmt_edge ch=0 enabled=1 level=0 ns=2178664863
esp32s3_rmt_input ch=0 valid=1 level=1 ns=2178770863
esp32s3_rmt_rx_symbol ch=0 index=11 value=0x006a804b ns=2178770863
esp32s3_rmt_edge ch=0 enabled=1 level=1 ns=2178770863
esp32s3_rmt_input ch=0 valid=1 level=0 ns=2178862863
esp32s3_rmt_edge ch=0 enabled=1 level=0 ns=2178862863
esp32s3_rmt_input ch=0 valid=1 level=1 ns=2178981863
esp32s3_rmt_rx_symbol ch=0 index=12 value=0x0077805c ns=2178981863
esp32s3_rmt_edge ch=0 enabled=1 level=1 ns=2178981863
esp32s3_rmt_input ch=0 valid=1 level=0 ns=2179019863
esp32s3_rmt_edge ch=0 enabled=1 level=0 ns=2179019863
esp32s3_rmt_input ch=0 valid=1 level=1 ns=2179068863
esp32s3_rmt_rx_symbol ch=0 index=13 value=0x00318026 ns=2179068863
esp32s3_rmt_edge ch=0 enabled=1 level=1 ns=2179068863
esp32s3_rmt_input ch=0 valid=1 level=0 ns=2179123863
esp32s3_rmt_edge ch=0 enabled=1 level=0 ns=2179123863
esp32s3_rmt_input ch=0 valid=1 level=1 ns=2179185863
esp32s3_rmt_rx_symbol ch=0 index=14 value=0x003e8037 ns=2179185863
esp32s3_rmt_edge ch=0 enabled=1 level=1 ns=2179185863
esp32s3_rmt_input ch=0 valid=1 level=0 ns=2179257863
esp32s3_rmt_edge ch=0 enabled=1 level=0 ns=2179257863
esp32s3_rmt_input ch=0 valid=1 level=1 ns=2179332863
esp32s3_rmt_rx_symbol ch=0 index=15 value=0x004b8048 ns=2179332863
esp32s3_rmt_edge ch=0 enabled=1 level=1 ns=2179332863
esp32s3_rmt_input ch=0 valid=1 level=0 ns=2179421863
esp32s3_rmt_edge ch=0 enabled=1 level=0 ns=2179421863
esp32s3_rmt_input ch=0 valid=1 level=1 ns=2179509863
esp32s3_rmt_rx_symbol ch=0 index=16 value=0x00588059 ns=2179509863
esp32s3_rmt_edge ch=0 enabled=1 level=1 ns=2179509863
esp32s3_rmt_input ch=0 valid=1 level=0 ns=2179544863
esp32s3_rmt_edge ch=0 enabled=1 level=0 ns=2179544863
esp32s3_rmt_input ch=0 valid=1 level=1 ns=2179645863
esp32s3_rmt_rx_symbol ch=0 index=17 value=0x00658023 ns=2179645863
esp32s3_rmt_edge ch=0 enabled=1 level=1 ns=2179645863
esp32s3_rmt_input ch=0 valid=1 level=0 ns=2179697863
esp32s3_rmt_edge ch=0 enabled=1 level=0 ns=2179697863
esp32s3_rmt_input ch=0 valid=1 level=1 ns=2179811863
esp32s3_rmt_rx_symbol ch=0 index=18 value=0x00728034 ns=2179811863
esp32s3_rmt_edge ch=0 enabled=1 level=1 ns=2179811863
esp32s3_rmt_input ch=0 valid=1 level=0 ns=2179880863
esp32s3_rmt_edge ch=0 enabled=1 level=0 ns=2179880863
esp32s3_rmt_input ch=0 valid=1 level=1 ns=2179924863
esp32s3_rmt_rx_symbol ch=0 index=19 value=0x002c8045 ns=2179924863
esp32s3_rmt_edge ch=0 enabled=1 level=1 ns=2179924863
esp32s3_rmt_input ch=0 valid=1 level=0 ns=2180010863
esp32s3_rmt_edge ch=0 enabled=1 level=0 ns=2180010863
esp32s3_rmt_input ch=0 valid=1 level=1 ns=2180067863
esp32s3_rmt_rx_symbol ch=0 index=20 value=0x00398056 ns=2180067863
esp32s3_rmt_edge ch=0 enabled=1 level=1 ns=2180067863
esp32s3_rmt_input ch=0 valid=1 level=0 ns=2180099863
esp32s3_rmt_edge ch=0 enabled=1 level=0 ns=2180099863
esp32s3_rmt_input ch=0 valid=1 level=1 ns=2180169863
esp32s3_rmt_rx_symbol ch=0 index=21 value=0x00468020 ns=2180169863
esp32s3_rmt_edge ch=0 enabled=1 level=1 ns=2180169863
esp32s3_rmt_input ch=0 valid=1 level=0 ns=2180218863
esp32s3_rmt_edge ch=0 enabled=1 level=0 ns=2180218863
esp32s3_rmt_input ch=0 valid=1 level=1 ns=2180301863
esp32s3_rmt_rx_symbol ch=0 index=22 value=0x00538031 ns=2180301863
esp32s3_rmt_edge ch=0 enabled=1 level=1 ns=2180301863
esp32s3_rmt_input ch=0 valid=1 level=0 ns=2180367863
esp32s3_rmt_edge ch=0 enabled=1 level=0 ns=2180367863
esp32s3_rmt_input ch=0 valid=1 level=1 ns=2180463863
esp32s3_rmt_rx_symbol ch=0 index=23 value=0x00608042 ns=2180463863
esp32s3_rmt_edge ch=0 enabled=1 level=1 ns=2180463863
esp32s3_rmt_input ch=0 valid=1 level=0 ns=2180500863
esp32s3_rmt_edge ch=0 enabled=1 level=0 ns=2180500863
esp32s3_rmt_tx_stop ch=0 ns=2180511863
esp32s3_rmt_edge ch=0 enabled=1 level=0 ns=2180511863
esp32s3_rmt_rx_symbol ch=0 index=24 value=0x00008025 ns=2181501863
esp32s3_rmt_edge ch=0 enabled=1 level=0 ns=3055725786
esp32s3_rmt_tx_start ch=0 ns=3055725792
esp32s3_rmt_input ch=0 valid=1 level=1 ns=3055725792
esp32s3_rmt_edge ch=0 enabled=1 level=1 ns=3055725792
esp32s3_rmt_input ch=0 valid=1 level=0 ns=3055727792
esp32s3_rmt_edge ch=0 enabled=1 level=0 ns=3055727792
esp32s3_rmt_tx_stop ch=0 ns=3055728792
esp32s3_rmt_edge ch=0 enabled=1 level=0 ns=3055728792
esp32s3_rmt_edge ch=0 enabled=1 level=0 ns=3089142528
esp32s3_rmt_tx_start ch=0 ns=3089142534
esp32s3_rmt_input ch=0 valid=1 level=1 ns=3089142534
esp32s3_rmt_edge ch=0 enabled=1 level=1 ns=3089142534
esp32s3_rmt_input ch=0 valid=1 level=0 ns=3089162534
esp32s3_rmt_edge ch=0 enabled=1 level=0 ns=3089162534
esp32s3_rmt_input ch=0 valid=1 level=0 ns=3089164539
esp32s3_rmt_tx_stop ch=0 ns=3089172534
esp32s3_rmt_edge ch=0 enabled=1 level=0 ns=3089172534
esp32s3_rmt_rx_symbol ch=0 index=0 value=0x00008014 ns=3090166534
esp32s3_rmt_edge ch=0 enabled=1 level=0 ns=3163093681
esp32s3_rmt_tx_start ch=0 ns=3163093687
esp32s3_rmt_input ch=0 valid=1 level=1 ns=3163093687
esp32s3_rmt_edge ch=0 enabled=1 level=1 ns=3163093687
esp32s3_rmt_input ch=0 valid=1 level=0 ns=3163293687
esp32s3_rmt_edge ch=0 enabled=1 level=0 ns=3163293687
esp32s3_rmt_input ch=0 valid=1 level=1 ns=3163493687
esp32s3_rmt_edge ch=0 enabled=1 level=1 ns=3163493687
esp32s3_rmt_rx_symbol ch=0 index=0 value=0x00c880c8 ns=3163494687
esp32s3_rmt_input ch=0 valid=1 level=0 ns=3163693687
esp32s3_rmt_edge ch=0 enabled=1 level=0 ns=3163693687
esp32s3_rmt_input ch=0 valid=1 level=1 ns=3163893687
esp32s3_rmt_edge ch=0 enabled=1 level=1 ns=3163893687
esp32s3_rmt_rx_symbol ch=0 index=1 value=0x00c880c8 ns=3163894687
esp32s3_rmt_input ch=0 valid=1 level=0 ns=3164093687
esp32s3_rmt_edge ch=0 enabled=1 level=0 ns=3164093687
esp32s3_rmt_input ch=0 valid=1 level=1 ns=3164293687
esp32s3_rmt_edge ch=0 enabled=1 level=1 ns=3164293687
esp32s3_rmt_rx_symbol ch=0 index=2 value=0x00c880c8 ns=3164294687
esp32s3_rmt_input ch=0 valid=1 level=0 ns=3164493687
esp32s3_rmt_edge ch=0 enabled=1 level=0 ns=3164493687
esp32s3_rmt_input ch=0 valid=1 level=1 ns=3164693687
esp32s3_rmt_edge ch=0 enabled=1 level=1 ns=3164693687
esp32s3_rmt_rx_symbol ch=0 index=3 value=0x00c880c8 ns=3164694687
esp32s3_rmt_input ch=0 valid=1 level=0 ns=3164893687
esp32s3_rmt_edge ch=0 enabled=1 level=0 ns=3164893687
esp32s3_rmt_input ch=0 valid=1 level=1 ns=3165093687
esp32s3_rmt_edge ch=0 enabled=1 level=1 ns=3165093687
esp32s3_rmt_input ch=0 valid=1 level=1 ns=3165094554
esp32s3_rmt_rx_symbol ch=0 index=4 value=0x00c880c8 ns=3165094687
esp32s3_rmt_input ch=0 valid=1 level=0 ns=3165293687
esp32s3_rmt_edge ch=0 enabled=1 level=0 ns=3165293687
esp32s3_rmt_input ch=0 valid=1 level=0 ns=3165294187
esp32s3_rmt_input ch=0 valid=1 level=1 ns=3165493687
esp32s3_rmt_edge ch=0 enabled=1 level=1 ns=3165493687
esp32s3_rmt_rx_symbol ch=0 index=5 value=0x00c880c8 ns=3165494687
esp32s3_rmt_input ch=0 valid=1 level=0 ns=3165693687
esp32s3_rmt_edge ch=0 enabled=1 level=0 ns=3165693687
esp32s3_rmt_input ch=0 valid=1 level=1 ns=3165893687
esp32s3_rmt_edge ch=0 enabled=1 level=1 ns=3165893687
esp32s3_rmt_rx_symbol ch=0 index=6 value=0x00c880c8 ns=3165894687
esp32s3_rmt_input ch=0 valid=1 level=0 ns=3166093687
esp32s3_rmt_edge ch=0 enabled=1 level=0 ns=3166093687
esp32s3_rmt_input ch=0 valid=1 level=1 ns=3166293687
esp32s3_rmt_edge ch=0 enabled=1 level=1 ns=3166293687
esp32s3_rmt_rx_symbol ch=0 index=7 value=0x00c880c8 ns=3166294687
esp32s3_rmt_input ch=0 valid=1 level=0 ns=3166493687
esp32s3_rmt_edge ch=0 enabled=1 level=0 ns=3166493687
esp32s3_rmt_input ch=0 valid=1 level=1 ns=3166693687
esp32s3_rmt_edge ch=0 enabled=1 level=1 ns=3166693687
esp32s3_rmt_rx_symbol ch=0 index=8 value=0x00c880c8 ns=3166694687
esp32s3_rmt_input ch=0 valid=1 level=0 ns=3166893687
esp32s3_rmt_edge ch=0 enabled=1 level=0 ns=3166893687
esp32s3_rmt_input ch=0 valid=1 level=1 ns=3167093687
esp32s3_rmt_edge ch=0 enabled=1 level=1 ns=3167093687
esp32s3_rmt_rx_symbol ch=0 index=9 value=0x00c880c8 ns=3167094687
esp32s3_rmt_input ch=0 valid=1 level=0 ns=3167293687
esp32s3_rmt_edge ch=0 enabled=1 level=0 ns=3167293687
esp32s3_rmt_input ch=0 valid=1 level=1 ns=3167493687
esp32s3_rmt_edge ch=0 enabled=1 level=1 ns=3167493687
esp32s3_rmt_rx_symbol ch=0 index=10 value=0x00c880c8 ns=3167494687
esp32s3_rmt_input ch=0 valid=1 level=0 ns=3167693687
esp32s3_rmt_edge ch=0 enabled=1 level=0 ns=3167693687
esp32s3_rmt_input ch=0 valid=1 level=1 ns=3167893687
esp32s3_rmt_edge ch=0 enabled=1 level=1 ns=3167893687
esp32s3_rmt_rx_symbol ch=0 index=11 value=0x00c880c8 ns=3167894687
esp32s3_rmt_tx_stop ch=0 ns=3167951965
esp32s3_rmt_input ch=0 valid=1 level=0 ns=3167951965
esp32s3_rmt_edge ch=0 enabled=1 level=0 ns=3167951965
esp32s3_rmt_rx_symbol ch=0 index=12 value=0x0000803a ns=3168953965
esp32s3_rmt_edge ch=0 enabled=1 level=0 ns=3426262221
esp32s3_rmt_tx_start ch=0 ns=3426262227
esp32s3_rmt_input ch=0 valid=1 level=1 ns=3426262227
esp32s3_rmt_edge ch=0 enabled=1 level=1 ns=3426262227
esp32s3_rmt_input ch=0 valid=1 level=0 ns=3426293227
esp32s3_rmt_edge ch=0 enabled=1 level=0 ns=3426293227
esp32s3_rmt_input ch=0 valid=1 level=1 ns=3426336227
esp32s3_rmt_rx_symbol ch=0 index=0 value=0x002b801f ns=3426336227
esp32s3_rmt_edge ch=0 enabled=1 level=1 ns=3426336227
esp32s3_rmt_input ch=0 valid=1 level=0 ns=3426384227
esp32s3_rmt_edge ch=0 enabled=1 level=0 ns=3426384227
esp32s3_rmt_input ch=0 valid=1 level=1 ns=3426440227
esp32s3_rmt_rx_symbol ch=0 index=1 value=0x00388030 ns=3426440227
esp32s3_rmt_edge ch=0 enabled=1 level=1 ns=3426440227
esp32s3_rmt_input ch=0 valid=1 level=0 ns=3426505227
esp32s3_rmt_edge ch=0 enabled=1 level=0 ns=3426505227
esp32s3_rmt_input ch=0 valid=1 level=1 ns=3426574227
esp32s3_rmt_rx_symbol ch=0 index=2 value=0x00458041 ns=3426574227
esp32s3_rmt_edge ch=0 enabled=1 level=1 ns=3426574227
esp32s3_rmt_input ch=0 valid=1 level=0 ns=3426656227
esp32s3_rmt_edge ch=0 enabled=1 level=0 ns=3426656227
esp32s3_rmt_input ch=0 valid=1 level=1 ns=3426738227
esp32s3_rmt_rx_symbol ch=0 index=3 value=0x00528052 ns=3426738227
esp32s3_rmt_edge ch=0 enabled=1 level=1 ns=3426738227
esp32s3_rmt_input ch=0 valid=1 level=0 ns=3426837227
esp32s3_rmt_edge ch=0 enabled=1 level=0 ns=3426837227
esp32s3_rmt_input ch=0 valid=1 level=1 ns=3426932227
esp32s3_rmt_rx_symbol ch=0 index=4 value=0x005f8063 ns=3426932227
esp32s3_rmt_edge ch=0 enabled=1 level=1 ns=3426932227
esp32s3_rmt_input ch=0 valid=1 level=0 ns=3426977227
esp32s3_rmt_edge ch=0 enabled=1 level=0 ns=3426977227
esp32s3_rmt_input ch=0 valid=1 level=1 ns=3427085227
esp32s3_rmt_rx_symbol ch=0 index=5 value=0x006c802d ns=3427085227
esp32s3_rmt_edge ch=0 enabled=1 level=1 ns=3427085227
esp32s3_rmt_input ch=0 valid=1 level=0 ns=3427147227
esp32s3_rmt_edge ch=0 enabled=1 level=0 ns=3427147227
esp32s3_rmt_input ch=0 valid=1 level=1 ns=3427268227
esp32s3_rmt_rx_symbol ch=0 index=6 value=0x0079803e ns=3427268227
esp32s3_rmt_edge ch=0 enabled=1 level=1 ns=3427268227
esp32s3_rmt_input ch=0 valid=1 level=0 ns=3427347227
esp32s3_rmt_edge ch=0 enabled=1 level=0 ns=3427347227
esp32s3_rmt_input ch=0 valid=1 level=1 ns=3427398227
esp32s3_rmt_rx_symbol ch=0 index=7 value=0x0033804f ns=3427398227
esp32s3_rmt_edge ch=0 enabled=1 level=1 ns=3427398227
esp32s3_rmt_input ch=0 valid=1 level=0 ns=3427435227
esp32s3_rmt_edge ch=0 enabled=1 level=0 ns=3427435227
esp32s3_rmt_tx_stop ch=0 ns=3427446227
esp32s3_rmt_edge ch=0 enabled=1 level=0 ns=3427446227
esp32s3_rmt_rx_symbol ch=0 index=8 value=0x00008025 ns=3428436227
esp32s3_rmt_edge ch=0 enabled=1 level=0 ns=3598293828
esp32s3_rmt_tx_start ch=0 ns=3598293834
esp32s3_rmt_input ch=0 valid=1 level=1 ns=3598293834
esp32s3_rmt_edge ch=0 enabled=1 level=1 ns=3598293834
esp32s3_rmt_input ch=0 valid=1 level=0 ns=3598298834
esp32s3_rmt_edge ch=0 enabled=1 level=0 ns=3598298834
esp32s3_rmt_input ch=0 valid=1 level=1 ns=3598303834
esp32s3_rmt_rx_symbol ch=0 index=0 value=0x00058005 ns=3598303834
esp32s3_rmt_edge ch=0 enabled=1 level=1 ns=3598303834
esp32s3_rmt_input ch=0 valid=1 level=0 ns=3598308834
esp32s3_rmt_edge ch=0 enabled=1 level=0 ns=3598308834
esp32s3_rmt_input ch=0 valid=1 level=1 ns=3598313834
esp32s3_rmt_rx_symbol ch=0 index=1 value=0x00058005 ns=3598313834
esp32s3_rmt_edge ch=0 enabled=1 level=1 ns=3598313834
esp32s3_rmt_input ch=0 valid=1 level=0 ns=3598318834
esp32s3_rmt_edge ch=0 enabled=1 level=0 ns=3598318834
esp32s3_rmt_input ch=0 valid=1 level=1 ns=3598323834
esp32s3_rmt_rx_symbol ch=0 index=2 value=0x00058005 ns=3598323834
esp32s3_rmt_edge ch=0 enabled=1 level=1 ns=3598323834
esp32s3_rmt_input ch=0 valid=1 level=0 ns=3598328834
esp32s3_rmt_edge ch=0 enabled=1 level=0 ns=3598328834
esp32s3_rmt_input ch=0 valid=1 level=1 ns=3598333834
esp32s3_rmt_rx_symbol ch=0 index=3 value=0x00058005 ns=3598333834
esp32s3_rmt_edge ch=0 enabled=1 level=1 ns=3598333834
esp32s3_rmt_input ch=0 valid=1 level=0 ns=3598338834
esp32s3_rmt_edge ch=0 enabled=1 level=0 ns=3598338834
esp32s3_rmt_input ch=0 valid=1 level=1 ns=3598343834
esp32s3_rmt_rx_symbol ch=0 index=4 value=0x00058005 ns=3598343834
esp32s3_rmt_edge ch=0 enabled=1 level=1 ns=3598343834
esp32s3_rmt_input ch=0 valid=1 level=0 ns=3598348834
esp32s3_rmt_edge ch=0 enabled=1 level=0 ns=3598348834
esp32s3_rmt_input ch=0 valid=1 level=1 ns=3598353834
esp32s3_rmt_rx_symbol ch=0 index=5 value=0x00058005 ns=3598353834
esp32s3_rmt_edge ch=0 enabled=1 level=1 ns=3598353834
esp32s3_rmt_input ch=0 valid=1 level=0 ns=3598358834
esp32s3_rmt_edge ch=0 enabled=1 level=0 ns=3598358834
esp32s3_rmt_input ch=0 valid=1 level=1 ns=3598363834
esp32s3_rmt_rx_symbol ch=0 index=6 value=0x00058005 ns=3598363834
esp32s3_rmt_edge ch=0 enabled=1 level=1 ns=3598363834
esp32s3_rmt_input ch=0 valid=1 level=0 ns=3598368834
esp32s3_rmt_edge ch=0 enabled=1 level=0 ns=3598368834
esp32s3_rmt_input ch=0 valid=1 level=1 ns=3598373834
esp32s3_rmt_rx_symbol ch=0 index=7 value=0x00058005 ns=3598373834
esp32s3_rmt_edge ch=0 enabled=1 level=1 ns=3598373834
esp32s3_rmt_input ch=0 valid=1 level=0 ns=3598378834
esp32s3_rmt_edge ch=0 enabled=1 level=0 ns=3598378834
esp32s3_rmt_input ch=0 valid=1 level=1 ns=3598383834
esp32s3_rmt_rx_symbol ch=0 index=8 value=0x00058005 ns=3598383834
esp32s3_rmt_edge ch=0 enabled=1 level=1 ns=3598383834
esp32s3_rmt_input ch=0 valid=1 level=0 ns=3598388834
esp32s3_rmt_edge ch=0 enabled=1 level=0 ns=3598388834
esp32s3_rmt_edge ch=0 enabled=1 level=0 ns=3598393834
esp32s3_rmt_tx_stop ch=0 ns=3598443834
esp32s3_rmt_edge ch=0 enabled=1 level=0 ns=3598443834
esp32s3_rmt_rx_symbol ch=0 index=9 value=0x00008005 ns=3598689834
esp32s3_rmt_input ch=1 valid=1 level=0 ns=3733467349
esp32s3_rmt_edge ch=0 enabled=1 level=0 ns=3899132279
esp32s3_rmt_edge ch=1 enabled=1 level=0 ns=3933156665
esp32s3_rmt_tx_start ch=0 ns=3933156671
esp32s3_rmt_input ch=0 valid=1 level=1 ns=3933156671
esp32s3_rmt_edge ch=0 enabled=1 level=1 ns=3933156671
esp32s3_rmt_tx_start ch=1 ns=3933156671
esp32s3_rmt_input ch=0 valid=1 level=1 ns=3933156671
esp32s3_rmt_input ch=1 valid=1 level=1 ns=3933156671
esp32s3_rmt_edge ch=1 enabled=1 level=1 ns=3933156671
esp32s3_rmt_input ch=0 valid=1 level=0 ns=3933187671
esp32s3_rmt_edge ch=0 enabled=1 level=0 ns=3933187671
esp32s3_rmt_input ch=0 valid=1 level=0 ns=3933187671
esp32s3_rmt_input ch=1 valid=1 level=0 ns=3933187671
esp32s3_rmt_edge ch=1 enabled=1 level=0 ns=3933187671
esp32s3_rmt_input ch=0 valid=1 level=1 ns=3933230671
esp32s3_rmt_edge ch=0 enabled=1 level=1 ns=3933230671
esp32s3_rmt_input ch=0 valid=1 level=1 ns=3933230671
esp32s3_rmt_input ch=1 valid=1 level=1 ns=3933230671
esp32s3_rmt_edge ch=1 enabled=1 level=1 ns=3933230671
esp32s3_rmt_rx_symbol ch=0 index=0 value=0x002b801f ns=3933231671
esp32s3_rmt_rx_symbol ch=1 index=0 value=0x002b801f ns=3933231671
esp32s3_rmt_input ch=0 valid=1 level=0 ns=3933278671
esp32s3_rmt_edge ch=0 enabled=1 level=0 ns=3933278671
esp32s3_rmt_input ch=0 valid=1 level=0 ns=3933278671
esp32s3_rmt_input ch=1 valid=1 level=0 ns=3933278671
esp32s3_rmt_edge ch=1 enabled=1 level=0 ns=3933278671
esp32s3_rmt_input ch=0 valid=1 level=1 ns=3933334671
esp32s3_rmt_edge ch=0 enabled=1 level=1 ns=3933334671
esp32s3_rmt_input ch=0 valid=1 level=1 ns=3933334671
esp32s3_rmt_input ch=1 valid=1 level=1 ns=3933334671
esp32s3_rmt_edge ch=1 enabled=1 level=1 ns=3933334671
esp32s3_rmt_input ch=0 valid=1 level=1 ns=3933334801
esp32s3_rmt_input ch=1 valid=1 level=1 ns=3933334801
esp32s3_rmt_rx_symbol ch=0 index=1 value=0x00388030 ns=3933335671
esp32s3_rmt_rx_symbol ch=1 index=1 value=0x00388030 ns=3933335671
esp32s3_rmt_input ch=0 valid=1 level=0 ns=3933399671
esp32s3_rmt_edge ch=0 enabled=1 level=0 ns=3933399671
esp32s3_rmt_input ch=0 valid=1 level=0 ns=3933399671
esp32s3_rmt_input ch=1 valid=1 level=0 ns=3933399671
esp32s3_rmt_edge ch=1 enabled=1 level=0 ns=3933399671
esp32s3_rmt_input ch=0 valid=1 level=1 ns=3933468671
esp32s3_rmt_edge ch=0 enabled=1 level=1 ns=3933468671
esp32s3_rmt_input ch=0 valid=1 level=1 ns=3933468671
esp32s3_rmt_input ch=1 valid=1 level=1 ns=3933468671
esp32s3_rmt_edge ch=1 enabled=1 level=1 ns=3933468671
esp32s3_rmt_rx_symbol ch=0 index=2 value=0x00458041 ns=3933469671
esp32s3_rmt_rx_symbol ch=1 index=2 value=0x00458041 ns=3933469671
esp32s3_rmt_input ch=0 valid=1 level=0 ns=3933550671
esp32s3_rmt_edge ch=0 enabled=1 level=0 ns=3933550671
esp32s3_rmt_input ch=0 valid=1 level=0 ns=3933550671
esp32s3_rmt_input ch=1 valid=1 level=0 ns=3933550671
esp32s3_rmt_edge ch=1 enabled=1 level=0 ns=3933550671
esp32s3_rmt_input ch=0 valid=1 level=1 ns=3933632671
esp32s3_rmt_edge ch=0 enabled=1 level=1 ns=3933632671
esp32s3_rmt_input ch=0 valid=1 level=1 ns=3933632671
esp32s3_rmt_input ch=1 valid=1 level=1 ns=3933632671
esp32s3_rmt_edge ch=1 enabled=1 level=1 ns=3933632671
esp32s3_rmt_rx_symbol ch=0 index=3 value=0x00528052 ns=3933633671
esp32s3_rmt_rx_symbol ch=1 index=3 value=0x00528052 ns=3933633671
esp32s3_rmt_input ch=0 valid=1 level=0 ns=3933731671
esp32s3_rmt_edge ch=0 enabled=1 level=0 ns=3933731671
esp32s3_rmt_input ch=0 valid=1 level=0 ns=3933731671
esp32s3_rmt_input ch=1 valid=1 level=0 ns=3933731671
esp32s3_rmt_edge ch=1 enabled=1 level=0 ns=3933731671
esp32s3_rmt_input ch=0 valid=1 level=1 ns=3933826671
esp32s3_rmt_edge ch=0 enabled=1 level=1 ns=3933826671
esp32s3_rmt_input ch=0 valid=1 level=1 ns=3933826671
esp32s3_rmt_input ch=1 valid=1 level=1 ns=3933826671
esp32s3_rmt_edge ch=1 enabled=1 level=1 ns=3933826671
esp32s3_rmt_rx_symbol ch=0 index=4 value=0x005f8063 ns=3933827671
esp32s3_rmt_rx_symbol ch=1 index=4 value=0x005f8063 ns=3933827671
esp32s3_rmt_input ch=0 valid=1 level=0 ns=3933871671
esp32s3_rmt_edge ch=0 enabled=1 level=0 ns=3933871671
esp32s3_rmt_input ch=0 valid=1 level=0 ns=3933871671
esp32s3_rmt_input ch=1 valid=1 level=0 ns=3933871671
esp32s3_rmt_edge ch=1 enabled=1 level=0 ns=3933871671
esp32s3_rmt_input ch=0 valid=1 level=1 ns=3933979671
esp32s3_rmt_edge ch=0 enabled=1 level=1 ns=3933979671
esp32s3_rmt_input ch=0 valid=1 level=1 ns=3933979671
esp32s3_rmt_input ch=1 valid=1 level=1 ns=3933979671
esp32s3_rmt_edge ch=1 enabled=1 level=1 ns=3933979671
esp32s3_rmt_rx_symbol ch=0 index=5 value=0x006c802d ns=3933980671
esp32s3_rmt_rx_symbol ch=1 index=5 value=0x006c802d ns=3933980671
esp32s3_rmt_input ch=0 valid=1 level=0 ns=3934041671
esp32s3_rmt_edge ch=0 enabled=1 level=0 ns=3934041671
esp32s3_rmt_input ch=0 valid=1 level=0 ns=3934041671
esp32s3_rmt_input ch=1 valid=1 level=0 ns=3934041671
esp32s3_rmt_edge ch=1 enabled=1 level=0 ns=3934041671
esp32s3_rmt_input ch=0 valid=1 level=1 ns=3934162671
esp32s3_rmt_edge ch=0 enabled=1 level=1 ns=3934162671
esp32s3_rmt_input ch=0 valid=1 level=1 ns=3934162671
esp32s3_rmt_input ch=1 valid=1 level=1 ns=3934162671
esp32s3_rmt_edge ch=1 enabled=1 level=1 ns=3934162671
esp32s3_rmt_rx_symbol ch=0 index=6 value=0x0079803e ns=3934163671
esp32s3_rmt_rx_symbol ch=1 index=6 value=0x0079803e ns=3934163671
esp32s3_rmt_input ch=0 valid=1 level=0 ns=3934241671
esp32s3_rmt_edge ch=0 enabled=1 level=0 ns=3934241671
esp32s3_rmt_input ch=0 valid=1 level=0 ns=3934241671
esp32s3_rmt_input ch=1 valid=1 level=0 ns=3934241671
esp32s3_rmt_edge ch=1 enabled=1 level=0 ns=3934241671
esp32s3_rmt_input ch=0 valid=1 level=1 ns=3934292671
esp32s3_rmt_edge ch=0 enabled=1 level=1 ns=3934292671
esp32s3_rmt_input ch=0 valid=1 level=1 ns=3934292671
esp32s3_rmt_input ch=1 valid=1 level=1 ns=3934292671
esp32s3_rmt_edge ch=1 enabled=1 level=1 ns=3934292671
esp32s3_rmt_rx_symbol ch=0 index=7 value=0x0033804f ns=3934293671
esp32s3_rmt_rx_symbol ch=1 index=7 value=0x0033804f ns=3934293671
esp32s3_rmt_input ch=0 valid=1 level=0 ns=3934329671
esp32s3_rmt_edge ch=0 enabled=1 level=0 ns=3934329671
esp32s3_rmt_input ch=0 valid=1 level=0 ns=3934329671
esp32s3_rmt_input ch=1 valid=1 level=0 ns=3934329671
esp32s3_rmt_edge ch=1 enabled=1 level=0 ns=3934329671
esp32s3_rmt_tx_stop ch=0 ns=3934340671
esp32s3_rmt_edge ch=0 enabled=1 level=0 ns=3934340671
esp32s3_rmt_tx_stop ch=1 ns=3934340671
esp32s3_rmt_edge ch=1 enabled=1 level=0 ns=3934340671
esp32s3_rmt_rx_symbol ch=0 index=8 value=0x00008025 ns=3935331671
esp32s3_rmt_rx_symbol ch=1 index=8 value=0x00008025 ns=3935331671
esp32s3_rmt_edge ch=0 enabled=1 level=0 ns=4315584488
esp32s3_rmt_tx_start ch=0 ns=4315584494
esp32s3_rmt_input ch=0 valid=1 level=1 ns=4315584494
esp32s3_rmt_edge ch=0 enabled=1 level=1 ns=4315584494
esp32s3_rmt_input ch=0 valid=1 level=0 ns=4324584494
esp32s3_rmt_edge ch=0 enabled=1 level=0 ns=4324584494
esp32s3_rmt_input ch=0 valid=1 level=1 ns=4329084494
esp32s3_rmt_rx_symbol ch=0 index=0 value=0x1194a328 ns=4329084494
esp32s3_rmt_edge ch=0 enabled=1 level=1 ns=4329084494
esp32s3_rmt_input ch=0 valid=1 level=0 ns=4329644494
esp32s3_rmt_edge ch=0 enabled=1 level=0 ns=4329644494
esp32s3_rmt_input ch=0 valid=1 level=1 ns=4330204494
esp32s3_rmt_rx_symbol ch=0 index=1 value=0x02308230 ns=4330204494
esp32s3_rmt_edge ch=0 enabled=1 level=1 ns=4330204494
esp32s3_rmt_input ch=0 valid=1 level=0 ns=4330764494
esp32s3_rmt_edge ch=0 enabled=1 level=0 ns=4330764494
esp32s3_rmt_input ch=0 valid=1 level=1 ns=4331324494
esp32s3_rmt_rx_symbol ch=0 index=2 value=0x02308230 ns=4331324494
esp32s3_rmt_edge ch=0 enabled=1 level=1 ns=4331324494
esp32s3_rmt_input ch=0 valid=1 level=0 ns=4331884494
esp32s3_rmt_edge ch=0 enabled=1 level=0 ns=4331884494
esp32s3_rmt_input ch=0 valid=1 level=1 ns=4333574494
esp32s3_rmt_rx_symbol ch=0 index=3 value=0x069a8230 ns=4333574494
esp32s3_rmt_edge ch=0 enabled=1 level=1 ns=4333574494
esp32s3_rmt_input ch=0 valid=1 level=0 ns=4334134494
esp32s3_rmt_edge ch=0 enabled=1 level=0 ns=4334134494
esp32s3_rmt_input ch=0 valid=1 level=1 ns=4334694494
esp32s3_rmt_rx_symbol ch=0 index=4 value=0x02308230 ns=4334694494
esp32s3_rmt_edge ch=0 enabled=1 level=1 ns=4334694494
esp32s3_rmt_input ch=0 valid=1 level=0 ns=4335254494
esp32s3_rmt_edge ch=0 enabled=1 level=0 ns=4335254494
esp32s3_rmt_input ch=0 valid=1 level=1 ns=4336944494
esp32s3_rmt_rx_symbol ch=0 index=5 value=0x069a8230 ns=4336944494
esp32s3_rmt_edge ch=0 enabled=1 level=1 ns=4336944494
esp32s3_rmt_input ch=0 valid=1 level=0 ns=4337504494
esp32s3_rmt_edge ch=0 enabled=1 level=0 ns=4337504494
esp32s3_rmt_input ch=0 valid=1 level=1 ns=4339194494
esp32s3_rmt_rx_symbol ch=0 index=6 value=0x069a8230 ns=4339194494
esp32s3_rmt_edge ch=0 enabled=1 level=1 ns=4339194494
esp32s3_rmt_input ch=0 valid=1 level=0 ns=4339754494
esp32s3_rmt_edge ch=0 enabled=1 level=0 ns=4339754494
esp32s3_rmt_input ch=0 valid=1 level=1 ns=4340314494
esp32s3_rmt_rx_symbol ch=0 index=7 value=0x02308230 ns=4340314494
esp32s3_rmt_edge ch=0 enabled=1 level=1 ns=4340314494
esp32s3_rmt_input ch=0 valid=1 level=0 ns=4340874494
esp32s3_rmt_edge ch=0 enabled=1 level=0 ns=4340874494
esp32s3_rmt_input ch=0 valid=1 level=1 ns=4341434494
esp32s3_rmt_rx_symbol ch=0 index=8 value=0x02308230 ns=4341434494
esp32s3_rmt_edge ch=0 enabled=1 level=1 ns=4341434494
esp32s3_rmt_input ch=0 valid=1 level=0 ns=4341994494
esp32s3_rmt_edge ch=0 enabled=1 level=0 ns=4341994494
esp32s3_rmt_input ch=0 valid=1 level=1 ns=4343684494
esp32s3_rmt_rx_symbol ch=0 index=9 value=0x069a8230 ns=4343684494
esp32s3_rmt_edge ch=0 enabled=1 level=1 ns=4343684494
esp32s3_rmt_input ch=0 valid=1 level=0 ns=4344244494
esp32s3_rmt_edge ch=0 enabled=1 level=0 ns=4344244494
esp32s3_rmt_input ch=0 valid=1 level=1 ns=4345934494
esp32s3_rmt_rx_symbol ch=0 index=10 value=0x069a8230 ns=4345934494
esp32s3_rmt_edge ch=0 enabled=1 level=1 ns=4345934494
esp32s3_rmt_input ch=0 valid=1 level=0 ns=4346494494
esp32s3_rmt_edge ch=0 enabled=1 level=0 ns=4346494494
esp32s3_rmt_input ch=0 valid=1 level=1 ns=4347054494
esp32s3_rmt_rx_symbol ch=0 index=11 value=0x02308230 ns=4347054494
esp32s3_rmt_edge ch=0 enabled=1 level=1 ns=4347054494
esp32s3_rmt_input ch=0 valid=1 level=0 ns=4347614494
esp32s3_rmt_edge ch=0 enabled=1 level=0 ns=4347614494
esp32s3_rmt_input ch=0 valid=1 level=1 ns=4349304494
esp32s3_rmt_rx_symbol ch=0 index=12 value=0x069a8230 ns=4349304494
esp32s3_rmt_edge ch=0 enabled=1 level=1 ns=4349304494
esp32s3_rmt_input ch=0 valid=1 level=0 ns=4349864494
esp32s3_rmt_edge ch=0 enabled=1 level=0 ns=4349864494
esp32s3_rmt_input ch=0 valid=1 level=1 ns=4350424494
esp32s3_rmt_rx_symbol ch=0 index=13 value=0x02308230 ns=4350424494
esp32s3_rmt_edge ch=0 enabled=1 level=1 ns=4350424494
esp32s3_rmt_input ch=0 valid=1 level=0 ns=4350984494
esp32s3_rmt_edge ch=0 enabled=1 level=0 ns=4350984494
esp32s3_rmt_input ch=0 valid=1 level=1 ns=4351544494
esp32s3_rmt_rx_symbol ch=0 index=14 value=0x02308230 ns=4351544494
esp32s3_rmt_edge ch=0 enabled=1 level=1 ns=4351544494
esp32s3_rmt_input ch=0 valid=1 level=0 ns=4352104494
esp32s3_rmt_edge ch=0 enabled=1 level=0 ns=4352104494
esp32s3_rmt_input ch=0 valid=1 level=1 ns=4353794494
esp32s3_rmt_rx_symbol ch=0 index=15 value=0x069a8230 ns=4353794494
esp32s3_rmt_edge ch=0 enabled=1 level=1 ns=4353794494
esp32s3_rmt_input ch=0 valid=1 level=0 ns=4354354494
esp32s3_rmt_edge ch=0 enabled=1 level=0 ns=4354354494
esp32s3_rmt_input ch=0 valid=1 level=1 ns=4356044494
esp32s3_rmt_rx_symbol ch=0 index=16 value=0x069a8230 ns=4356044494
esp32s3_rmt_edge ch=0 enabled=1 level=1 ns=4356044494
esp32s3_rmt_input ch=0 valid=1 level=0 ns=4356604494
esp32s3_rmt_edge ch=0 enabled=1 level=0 ns=4356604494
esp32s3_rmt_input ch=0 valid=1 level=1 ns=4358294494
esp32s3_rmt_rx_symbol ch=0 index=17 value=0x069a8230 ns=4358294494
esp32s3_rmt_edge ch=0 enabled=1 level=1 ns=4358294494
esp32s3_rmt_input ch=0 valid=1 level=0 ns=4358854494
esp32s3_rmt_edge ch=0 enabled=1 level=0 ns=4358854494
esp32s3_rmt_input ch=0 valid=1 level=1 ns=4360544494
esp32s3_rmt_rx_symbol ch=0 index=18 value=0x069a8230 ns=4360544494
esp32s3_rmt_edge ch=0 enabled=1 level=1 ns=4360544494
esp32s3_rmt_input ch=0 valid=1 level=0 ns=4361104494
esp32s3_rmt_edge ch=0 enabled=1 level=0 ns=4361104494
esp32s3_rmt_input ch=0 valid=1 level=1 ns=4362794494
esp32s3_rmt_rx_symbol ch=0 index=19 value=0x069a8230 ns=4362794494
esp32s3_rmt_edge ch=0 enabled=1 level=1 ns=4362794494
esp32s3_rmt_input ch=0 valid=1 level=0 ns=4363354494
esp32s3_rmt_edge ch=0 enabled=1 level=0 ns=4363354494
esp32s3_rmt_input ch=0 valid=1 level=1 ns=4363914494
esp32s3_rmt_rx_symbol ch=0 index=20 value=0x02308230 ns=4363914494
esp32s3_rmt_edge ch=0 enabled=1 level=1 ns=4363914494
esp32s3_rmt_input ch=0 valid=1 level=0 ns=4364474494
esp32s3_rmt_edge ch=0 enabled=1 level=0 ns=4364474494
esp32s3_rmt_input ch=0 valid=1 level=1 ns=4365034494
esp32s3_rmt_rx_symbol ch=0 index=21 value=0x02308230 ns=4365034494
esp32s3_rmt_edge ch=0 enabled=1 level=1 ns=4365034494
esp32s3_rmt_input ch=0 valid=1 level=0 ns=4365594494
esp32s3_rmt_edge ch=0 enabled=1 level=0 ns=4365594494
esp32s3_rmt_input ch=0 valid=1 level=1 ns=4367284494
esp32s3_rmt_rx_symbol ch=0 index=22 value=0x069a8230 ns=4367284494
esp32s3_rmt_edge ch=0 enabled=1 level=1 ns=4367284494
esp32s3_rmt_input ch=0 valid=1 level=0 ns=4367844494
esp32s3_rmt_edge ch=0 enabled=1 level=0 ns=4367844494
esp32s3_rmt_input ch=0 valid=1 level=1 ns=4368404494
esp32s3_rmt_rx_symbol ch=0 index=23 value=0x02308230 ns=4368404494
esp32s3_rmt_edge ch=0 enabled=1 level=1 ns=4368404494
esp32s3_rmt_input ch=0 valid=1 level=0 ns=4368964494
esp32s3_rmt_edge ch=0 enabled=1 level=0 ns=4368964494
esp32s3_rmt_input ch=0 valid=1 level=1 ns=4370654494
esp32s3_rmt_rx_symbol ch=0 index=24 value=0x069a8230 ns=4370654494
esp32s3_rmt_edge ch=0 enabled=1 level=1 ns=4370654494
esp32s3_rmt_input ch=0 valid=1 level=0 ns=4371214494
esp32s3_rmt_edge ch=0 enabled=1 level=0 ns=4371214494
esp32s3_rmt_input ch=0 valid=1 level=1 ns=4371774494
esp32s3_rmt_rx_symbol ch=0 index=25 value=0x02308230 ns=4371774494
esp32s3_rmt_edge ch=0 enabled=1 level=1 ns=4371774494
esp32s3_rmt_input ch=0 valid=1 level=0 ns=4372334494
esp32s3_rmt_edge ch=0 enabled=1 level=0 ns=4372334494
esp32s3_rmt_input ch=0 valid=1 level=1 ns=4372894494
esp32s3_rmt_rx_symbol ch=0 index=26 value=0x02308230 ns=4372894494
esp32s3_rmt_edge ch=0 enabled=1 level=1 ns=4372894494
esp32s3_rmt_input ch=0 valid=1 level=0 ns=4373454494
esp32s3_rmt_edge ch=0 enabled=1 level=0 ns=4373454494
esp32s3_rmt_input ch=0 valid=1 level=1 ns=4374014494
esp32s3_rmt_rx_symbol ch=0 index=27 value=0x02308230 ns=4374014494
esp32s3_rmt_edge ch=0 enabled=1 level=1 ns=4374014494
esp32s3_rmt_input ch=0 valid=1 level=0 ns=4374574494
esp32s3_rmt_edge ch=0 enabled=1 level=0 ns=4374574494
esp32s3_rmt_input ch=0 valid=1 level=1 ns=4376264494
esp32s3_rmt_rx_symbol ch=0 index=28 value=0x069a8230 ns=4376264494
esp32s3_rmt_edge ch=0 enabled=1 level=1 ns=4376264494
esp32s3_rmt_input ch=0 valid=1 level=0 ns=4376824494
esp32s3_rmt_edge ch=0 enabled=1 level=0 ns=4376824494
esp32s3_rmt_input ch=0 valid=1 level=1 ns=4378514494
esp32s3_rmt_rx_symbol ch=0 index=29 value=0x069a8230 ns=4378514494
esp32s3_rmt_edge ch=0 enabled=1 level=1 ns=4378514494
esp32s3_rmt_input ch=0 valid=1 level=0 ns=4379074494
esp32s3_rmt_edge ch=0 enabled=1 level=0 ns=4379074494
esp32s3_rmt_input ch=0 valid=1 level=1 ns=4379634494
esp32s3_rmt_rx_symbol ch=0 index=30 value=0x02308230 ns=4379634494
esp32s3_rmt_edge ch=0 enabled=1 level=1 ns=4379634494
esp32s3_rmt_input ch=0 valid=1 level=0 ns=4380194494
esp32s3_rmt_edge ch=0 enabled=1 level=0 ns=4380194494
esp32s3_rmt_input ch=0 valid=1 level=1 ns=4381884494
esp32s3_rmt_rx_symbol ch=0 index=31 value=0x069a8230 ns=4381884494
esp32s3_rmt_edge ch=0 enabled=1 level=1 ns=4381884494
esp32s3_rmt_input ch=0 valid=1 level=0 ns=4382444494
esp32s3_rmt_edge ch=0 enabled=1 level=0 ns=4382444494
esp32s3_rmt_input ch=0 valid=1 level=1 ns=4383004494
esp32s3_rmt_rx_symbol ch=0 index=32 value=0x02308230 ns=4383004494
esp32s3_rmt_edge ch=0 enabled=1 level=1 ns=4383004494
esp32s3_rmt_input ch=0 valid=1 level=0 ns=4383564494
esp32s3_rmt_edge ch=0 enabled=1 level=0 ns=4383564494
esp32s3_rmt_tx_stop ch=0 ns=4384564494
esp32s3_rmt_edge ch=0 enabled=1 level=0 ns=4384564494
esp32s3_rmt_rx_symbol ch=0 index=33 value=0x00008230 ns=4395565494
esp32s3_rmt_edge ch=0 enabled=0 level=0 ns=4694011409
esp32s3_rmt_edge ch=1 enabled=0 level=0 ns=4694011409
esp32s3_rmt_edge ch=2 enabled=0 level=0 ns=4694011409
esp32s3_rmt_edge ch=3 enabled=0 level=0 ns=4694011409
esp32s3_rmt_edge ch=0 enabled=1 level=0 ns=4841127122
esp32s3_rmt_tx_start ch=0 ns=4841127128
esp32s3_rmt_input ch=0 valid=1 level=1 ns=4841127128
esp32s3_rmt_edge ch=0 enabled=1 level=1 ns=4841127128
esp32s3_rmt_input ch=0 valid=1 level=0 ns=4841142628
esp32s3_rmt_edge ch=0 enabled=1 level=0 ns=4841142628
esp32s3_rmt_input ch=0 valid=1 level=1 ns=4841164128
esp32s3_rmt_rx_symbol ch=0 index=0 value=0x002b801f ns=4841164128
esp32s3_rmt_edge ch=0 enabled=1 level=1 ns=4841164128
esp32s3_rmt_input ch=0 valid=1 level=0 ns=4841188128
esp32s3_rmt_edge ch=0 enabled=1 level=0 ns=4841188128
esp32s3_rmt_input ch=0 valid=1 level=1 ns=4841216128
esp32s3_rmt_rx_symbol ch=0 index=1 value=0x00388030 ns=4841216128
esp32s3_rmt_edge ch=0 enabled=1 level=1 ns=4841216128
esp32s3_rmt_input ch=0 valid=1 level=0 ns=4841248628
esp32s3_rmt_edge ch=0 enabled=1 level=0 ns=4841248628
esp32s3_rmt_input ch=0 valid=1 level=1 ns=4841283128
esp32s3_rmt_rx_symbol ch=0 index=2 value=0x00458041 ns=4841283128
esp32s3_rmt_edge ch=0 enabled=1 level=1 ns=4841283128
esp32s3_rmt_input ch=0 valid=1 level=0 ns=4841324128
esp32s3_rmt_edge ch=0 enabled=1 level=0 ns=4841324128
esp32s3_rmt_input ch=0 valid=1 level=1 ns=4841365128
esp32s3_rmt_rx_symbol ch=0 index=3 value=0x00528052 ns=4841365128
esp32s3_rmt_edge ch=0 enabled=1 level=1 ns=4841365128
esp32s3_rmt_input ch=0 valid=1 level=0 ns=4841414628
esp32s3_rmt_edge ch=0 enabled=1 level=0 ns=4841414628
esp32s3_rmt_input ch=0 valid=1 level=1 ns=4841462128
esp32s3_rmt_rx_symbol ch=0 index=4 value=0x005f8063 ns=4841462128
esp32s3_rmt_edge ch=0 enabled=1 level=1 ns=4841462128
esp32s3_rmt_input ch=0 valid=1 level=0 ns=4841484628
esp32s3_rmt_edge ch=0 enabled=1 level=0 ns=4841484628
esp32s3_rmt_input ch=0 valid=1 level=1 ns=4841538628
esp32s3_rmt_rx_symbol ch=0 index=5 value=0x006c802d ns=4841538628
esp32s3_rmt_edge ch=0 enabled=1 level=1 ns=4841538628
esp32s3_rmt_input ch=0 valid=1 level=0 ns=4841569628
esp32s3_rmt_edge ch=0 enabled=1 level=0 ns=4841569628
esp32s3_rmt_input ch=0 valid=1 level=1 ns=4841630128
esp32s3_rmt_rx_symbol ch=0 index=6 value=0x0079803e ns=4841630128
esp32s3_rmt_edge ch=0 enabled=1 level=1 ns=4841630128
esp32s3_rmt_input ch=0 valid=1 level=0 ns=4841669628
esp32s3_rmt_edge ch=0 enabled=1 level=0 ns=4841669628
esp32s3_rmt_input ch=0 valid=1 level=1 ns=4841695128
esp32s3_rmt_rx_symbol ch=0 index=7 value=0x0033804f ns=4841695128
esp32s3_rmt_edge ch=0 enabled=1 level=1 ns=4841695128
esp32s3_rmt_input ch=0 valid=1 level=0 ns=4841713628
esp32s3_rmt_edge ch=0 enabled=1 level=0 ns=4841713628
esp32s3_rmt_tx_stop ch=0 ns=4841719128
esp32s3_rmt_edge ch=0 enabled=1 level=0 ns=4841719128
esp32s3_rmt_rx_symbol ch=0 index=8 value=0x00008025 ns=4842714128
esp32s3_rmt_edge ch=0 enabled=0 level=0 ns=5020020946
esp32s3_rmt_edge ch=1 enabled=0 level=0 ns=5020020946
esp32s3_rmt_edge ch=2 enabled=0 level=0 ns=5020020946
esp32s3_rmt_edge ch=3 enabled=0 level=0 ns=5020020946
esp32s3_rmt_edge ch=0 enabled=1 level=0 ns=5169480172
esp32s3_rmt_tx_start ch=0 ns=5169480178
esp32s3_rmt_input ch=0 valid=1 level=1 ns=5169480178
esp32s3_rmt_edge ch=0 enabled=1 level=1 ns=5169480178
esp32s3_rmt_input ch=0 valid=1 level=0 ns=5169542178
esp32s3_rmt_edge ch=0 enabled=1 level=0 ns=5169542178
esp32s3_rmt_input ch=0 valid=1 level=1 ns=5169628178
esp32s3_rmt_rx_symbol ch=0 index=0 value=0x002b801f ns=5169628178
esp32s3_rmt_edge ch=0 enabled=1 level=1 ns=5169628178
esp32s3_rmt_input ch=0 valid=1 level=0 ns=5169724178
esp32s3_rmt_edge ch=0 enabled=1 level=0 ns=5169724178
esp32s3_rmt_input ch=0 valid=1 level=1 ns=5169836178
esp32s3_rmt_rx_symbol ch=0 index=1 value=0x00388030 ns=5169836178
esp32s3_rmt_edge ch=0 enabled=1 level=1 ns=5169836178
esp32s3_rmt_input ch=0 valid=1 level=0 ns=5169966178
esp32s3_rmt_edge ch=0 enabled=1 level=0 ns=5169966178
esp32s3_rmt_input ch=0 valid=1 level=1 ns=5170104178
esp32s3_rmt_rx_symbol ch=0 index=2 value=0x00458041 ns=5170104178
esp32s3_rmt_edge ch=0 enabled=1 level=1 ns=5170104178
esp32s3_rmt_input ch=0 valid=1 level=0 ns=5170268178
esp32s3_rmt_edge ch=0 enabled=1 level=0 ns=5170268178
esp32s3_rmt_input ch=0 valid=1 level=1 ns=5170432178
esp32s3_rmt_rx_symbol ch=0 index=3 value=0x00528052 ns=5170432178
esp32s3_rmt_edge ch=0 enabled=1 level=1 ns=5170432178
esp32s3_rmt_input ch=0 valid=1 level=0 ns=5170630178
esp32s3_rmt_edge ch=0 enabled=1 level=0 ns=5170630178
esp32s3_rmt_input ch=0 valid=1 level=1 ns=5170820178
esp32s3_rmt_rx_symbol ch=0 index=4 value=0x005f8063 ns=5170820178
esp32s3_rmt_edge ch=0 enabled=1 level=1 ns=5170820178
esp32s3_rmt_input ch=0 valid=1 level=0 ns=5170910178
esp32s3_rmt_edge ch=0 enabled=1 level=0 ns=5170910178
esp32s3_rmt_input ch=0 valid=1 level=1 ns=5171126178
esp32s3_rmt_rx_symbol ch=0 index=5 value=0x006c802d ns=5171126178
esp32s3_rmt_edge ch=0 enabled=1 level=1 ns=5171126178
esp32s3_rmt_input ch=0 valid=1 level=0 ns=5171250178
esp32s3_rmt_edge ch=0 enabled=1 level=0 ns=5171250178
esp32s3_rmt_input ch=0 valid=1 level=1 ns=5171492178
esp32s3_rmt_rx_symbol ch=0 index=6 value=0x0079803e ns=5171492178
esp32s3_rmt_edge ch=0 enabled=1 level=1 ns=5171492178
esp32s3_rmt_input ch=0 valid=1 level=0 ns=5171650178
esp32s3_rmt_edge ch=0 enabled=1 level=0 ns=5171650178
esp32s3_rmt_input ch=0 valid=1 level=1 ns=5171752178
esp32s3_rmt_rx_symbol ch=0 index=7 value=0x0033804f ns=5171752178
esp32s3_rmt_edge ch=0 enabled=1 level=1 ns=5171752178
esp32s3_rmt_input ch=0 valid=1 level=0 ns=5171826178
esp32s3_rmt_edge ch=0 enabled=1 level=0 ns=5171826178
esp32s3_rmt_tx_stop ch=0 ns=5171848178
esp32s3_rmt_edge ch=0 enabled=1 level=0 ns=5171848178
esp32s3_rmt_rx_symbol ch=0 index=8 value=0x00008025 ns=5172828178
esp32s3_rmt_edge ch=0 enabled=0 level=0 ns=5350804311
esp32s3_rmt_edge ch=1 enabled=0 level=0 ns=5350804311
esp32s3_rmt_edge ch=2 enabled=0 level=0 ns=5350804311
esp32s3_rmt_edge ch=3 enabled=0 level=0 ns=5350804311
esp32s3_rmt_edge ch=0 enabled=1 level=0 ns=5452004562
esp32s3_rmt_tx_start ch=0 ns=5452004568
esp32s3_rmt_input ch=0 valid=1 level=1 ns=5452004568
esp32s3_rmt_edge ch=0 enabled=1 level=1 ns=5452004568
esp32s3_rmt_input ch=0 valid=1 level=0 ns=5452004968
esp32s3_rmt_edge ch=0 enabled=1 level=0 ns=5452004968
esp32s3_rmt_input ch=0 valid=1 level=1 ns=5452005818
esp32s3_rmt_rx_symbol ch=0 index=0 value=0x00118008 ns=5452005818
esp32s3_rmt_edge ch=0 enabled=1 level=1 ns=5452005818
esp32s3_rmt_input ch=0 valid=1 level=0 ns=5452006218
esp32s3_rmt_edge ch=0 enabled=1 level=0 ns=5452006218
esp32s3_rmt_input ch=0 valid=1 level=1 ns=5452007068
esp32s3_rmt_rx_symbol ch=0 index=1 value=0x00118008 ns=5452007068
esp32s3_rmt_edge ch=0 enabled=1 level=1 ns=5452007068
esp32s3_rmt_input ch=0 valid=1 level=0 ns=5452007468
esp32s3_rmt_edge ch=0 enabled=1 level=0 ns=5452007468
esp32s3_rmt_input ch=0 valid=1 level=1 ns=5452008318
esp32s3_rmt_rx_symbol ch=0 index=2 value=0x00118008 ns=5452008318
esp32s3_rmt_edge ch=0 enabled=1 level=1 ns=5452008318
esp32s3_rmt_input ch=0 valid=1 level=0 ns=5452009118
esp32s3_rmt_edge ch=0 enabled=1 level=0 ns=5452009118
esp32s3_rmt_input ch=0 valid=1 level=1 ns=5452009568
esp32s3_rmt_rx_symbol ch=0 index=3 value=0x00098010 ns=5452009568
esp32s3_rmt_edge ch=0 enabled=1 level=1 ns=5452009568
esp32s3_rmt_input ch=0 valid=1 level=0 ns=5452009968
esp32s3_rmt_edge ch=0 enabled=1 level=0 ns=5452009968
esp32s3_rmt_input ch=0 valid=1 level=1 ns=5452010818
esp32s3_rmt_rx_symbol ch=0 index=4 value=0x00118008 ns=5452010818
esp32s3_rmt_edge ch=0 enabled=1 level=1 ns=5452010818
esp32s3_rmt_input ch=0 valid=1 level=0 ns=5452011218
esp32s3_rmt_edge ch=0 enabled=1 level=0 ns=5452011218
esp32s3_rmt_input ch=0 valid=1 level=1 ns=5452012068
esp32s3_rmt_rx_symbol ch=0 index=5 value=0x00118008 ns=5452012068
esp32s3_rmt_edge ch=0 enabled=1 level=1 ns=5452012068
esp32s3_rmt_input ch=0 valid=1 level=0 ns=5452012868
esp32s3_rmt_edge ch=0 enabled=1 level=0 ns=5452012868
esp32s3_rmt_input ch=0 valid=1 level=1 ns=5452013318
esp32s3_rmt_rx_symbol ch=0 index=6 value=0x00098010 ns=5452013318
esp32s3_rmt_edge ch=0 enabled=1 level=1 ns=5452013318
esp32s3_rmt_input ch=0 valid=1 level=0 ns=5452013718
esp32s3_rmt_edge ch=0 enabled=1 level=0 ns=5452013718
esp32s3_rmt_input ch=0 valid=1 level=1 ns=5452014568
esp32s3_rmt_rx_symbol ch=0 index=7 value=0x00118008 ns=5452014568
esp32s3_rmt_edge ch=0 enabled=1 level=1 ns=5452014568
esp32s3_rmt_input ch=0 valid=1 level=0 ns=5452014968
esp32s3_rmt_edge ch=0 enabled=1 level=0 ns=5452014968
esp32s3_rmt_input ch=0 valid=1 level=1 ns=5452015818
esp32s3_rmt_rx_symbol ch=0 index=8 value=0x00118008 ns=5452015818
esp32s3_rmt_edge ch=0 enabled=1 level=1 ns=5452015818
esp32s3_rmt_input ch=0 valid=1 level=0 ns=5452016218
esp32s3_rmt_edge ch=0 enabled=1 level=0 ns=5452016218
esp32s3_rmt_input ch=0 valid=1 level=1 ns=5452017068
esp32s3_rmt_rx_symbol ch=0 index=9 value=0x00118008 ns=5452017068
esp32s3_rmt_edge ch=0 enabled=1 level=1 ns=5452017068
esp32s3_rmt_input ch=0 valid=1 level=0 ns=5452017868
esp32s3_rmt_edge ch=0 enabled=1 level=0 ns=5452017868
esp32s3_rmt_input ch=0 valid=1 level=1 ns=5452018318
esp32s3_rmt_rx_symbol ch=0 index=10 value=0x00098010 ns=5452018318
esp32s3_rmt_edge ch=0 enabled=1 level=1 ns=5452018318
esp32s3_rmt_input ch=0 valid=1 level=0 ns=5452019118
esp32s3_rmt_edge ch=0 enabled=1 level=0 ns=5452019118
esp32s3_rmt_input ch=0 valid=1 level=1 ns=5452019568
esp32s3_rmt_rx_symbol ch=0 index=11 value=0x00098010 ns=5452019568
esp32s3_rmt_edge ch=0 enabled=1 level=1 ns=5452019568
esp32s3_rmt_input ch=0 valid=1 level=0 ns=5452019968
esp32s3_rmt_edge ch=0 enabled=1 level=0 ns=5452019968
esp32s3_rmt_input ch=0 valid=1 level=1 ns=5452020818
esp32s3_rmt_rx_symbol ch=0 index=12 value=0x00118008 ns=5452020818
esp32s3_rmt_edge ch=0 enabled=1 level=1 ns=5452020818
esp32s3_rmt_input ch=0 valid=1 level=0 ns=5452021618
esp32s3_rmt_edge ch=0 enabled=1 level=0 ns=5452021618
esp32s3_rmt_input ch=0 valid=1 level=1 ns=5452022068
esp32s3_rmt_rx_symbol ch=0 index=13 value=0x00098010 ns=5452022068
esp32s3_rmt_edge ch=0 enabled=1 level=1 ns=5452022068
esp32s3_rmt_input ch=0 valid=1 level=0 ns=5452022468
esp32s3_rmt_edge ch=0 enabled=1 level=0 ns=5452022468
esp32s3_rmt_input ch=0 valid=1 level=1 ns=5452023318
esp32s3_rmt_rx_symbol ch=0 index=14 value=0x00118008 ns=5452023318
esp32s3_rmt_edge ch=0 enabled=1 level=1 ns=5452023318
esp32s3_rmt_input ch=0 valid=1 level=0 ns=5452023718
esp32s3_rmt_edge ch=0 enabled=1 level=0 ns=5452023718
esp32s3_rmt_input ch=0 valid=1 level=1 ns=5452024568
esp32s3_rmt_rx_symbol ch=0 index=15 value=0x00118008 ns=5452024568
esp32s3_rmt_edge ch=0 enabled=1 level=1 ns=5452024568
esp32s3_rmt_input ch=0 valid=1 level=0 ns=5452024968
esp32s3_rmt_edge ch=0 enabled=1 level=0 ns=5452024968
esp32s3_rmt_input ch=0 valid=1 level=1 ns=5452025818
esp32s3_rmt_rx_symbol ch=0 index=16 value=0x00118008 ns=5452025818
esp32s3_rmt_edge ch=0 enabled=1 level=1 ns=5452025818
esp32s3_rmt_input ch=0 valid=1 level=0 ns=5452026618
esp32s3_rmt_edge ch=0 enabled=1 level=0 ns=5452026618
esp32s3_rmt_input ch=0 valid=1 level=1 ns=5452027068
esp32s3_rmt_rx_symbol ch=0 index=17 value=0x00098010 ns=5452027068
esp32s3_rmt_edge ch=0 enabled=1 level=1 ns=5452027068
esp32s3_rmt_input ch=0 valid=1 level=0 ns=5452027468
esp32s3_rmt_edge ch=0 enabled=1 level=0 ns=5452027468
esp32s3_rmt_input ch=0 valid=1 level=1 ns=5452028318
esp32s3_rmt_rx_symbol ch=0 index=18 value=0x00118008 ns=5452028318
esp32s3_rmt_edge ch=0 enabled=1 level=1 ns=5452028318
esp32s3_rmt_input ch=0 valid=1 level=0 ns=5452029118
esp32s3_rmt_edge ch=0 enabled=1 level=0 ns=5452029118
esp32s3_rmt_input ch=0 valid=1 level=1 ns=5452029568
esp32s3_rmt_rx_symbol ch=0 index=19 value=0x00098010 ns=5452029568
esp32s3_rmt_edge ch=0 enabled=1 level=1 ns=5452029568
esp32s3_rmt_input ch=0 valid=1 level=0 ns=5452029968
esp32s3_rmt_edge ch=0 enabled=1 level=0 ns=5452029968
esp32s3_rmt_input ch=0 valid=1 level=1 ns=5452030818
esp32s3_rmt_rx_symbol ch=0 index=20 value=0x00118008 ns=5452030818
esp32s3_rmt_edge ch=0 enabled=1 level=1 ns=5452030818
esp32s3_rmt_input ch=0 valid=1 level=0 ns=5452031618
esp32s3_rmt_edge ch=0 enabled=1 level=0 ns=5452031618
esp32s3_rmt_input ch=0 valid=1 level=1 ns=5452032068
esp32s3_rmt_rx_symbol ch=0 index=21 value=0x00098010 ns=5452032068
esp32s3_rmt_edge ch=0 enabled=1 level=1 ns=5452032068
esp32s3_rmt_input ch=0 valid=1 level=0 ns=5452032868
esp32s3_rmt_edge ch=0 enabled=1 level=0 ns=5452032868
esp32s3_rmt_input ch=0 valid=1 level=1 ns=5452033318
esp32s3_rmt_rx_symbol ch=0 index=22 value=0x00098010 ns=5452033318
esp32s3_rmt_edge ch=0 enabled=1 level=1 ns=5452033318
esp32s3_rmt_input ch=0 valid=1 level=0 ns=5452033718
esp32s3_rmt_edge ch=0 enabled=1 level=0 ns=5452033718
esp32s3_rmt_input ch=0 valid=1 level=1 ns=5452034568
esp32s3_rmt_rx_symbol ch=0 index=23 value=0x00118008 ns=5452034568
esp32s3_rmt_edge ch=0 enabled=1 level=1 ns=5452034568
esp32s3_rmt_input ch=0 valid=1 level=0 ns=5452035368
esp32s3_rmt_edge ch=0 enabled=1 level=0 ns=5452035368
esp32s3_rmt_input ch=0 valid=1 level=1 ns=5452035818
esp32s3_rmt_rx_symbol ch=0 index=24 value=0x00098010 ns=5452035818
esp32s3_rmt_edge ch=0 enabled=1 level=1 ns=5452035818
esp32s3_rmt_input ch=0 valid=1 level=0 ns=5452036218
esp32s3_rmt_edge ch=0 enabled=1 level=0 ns=5452036218
esp32s3_rmt_input ch=0 valid=1 level=1 ns=5452037068
esp32s3_rmt_rx_symbol ch=0 index=25 value=0x00118008 ns=5452037068
esp32s3_rmt_edge ch=0 enabled=1 level=1 ns=5452037068
esp32s3_rmt_input ch=0 valid=1 level=0 ns=5452037468
esp32s3_rmt_edge ch=0 enabled=1 level=0 ns=5452037468
esp32s3_rmt_input ch=0 valid=1 level=1 ns=5452038318
esp32s3_rmt_rx_symbol ch=0 index=26 value=0x00118008 ns=5452038318
esp32s3_rmt_edge ch=0 enabled=1 level=1 ns=5452038318
esp32s3_rmt_input ch=0 valid=1 level=0 ns=5452038718
esp32s3_rmt_edge ch=0 enabled=1 level=0 ns=5452038718
esp32s3_rmt_input ch=0 valid=1 level=1 ns=5452039568
esp32s3_rmt_rx_symbol ch=0 index=27 value=0x00118008 ns=5452039568
esp32s3_rmt_edge ch=0 enabled=1 level=1 ns=5452039568
esp32s3_rmt_input ch=0 valid=1 level=0 ns=5452039968
esp32s3_rmt_edge ch=0 enabled=1 level=0 ns=5452039968
esp32s3_rmt_input ch=0 valid=1 level=1 ns=5452040818
esp32s3_rmt_rx_symbol ch=0 index=28 value=0x00118008 ns=5452040818
esp32s3_rmt_edge ch=0 enabled=1 level=1 ns=5452040818
esp32s3_rmt_input ch=0 valid=1 level=0 ns=5452041218
esp32s3_rmt_edge ch=0 enabled=1 level=0 ns=5452041218
esp32s3_rmt_input ch=0 valid=1 level=1 ns=5452042068
esp32s3_rmt_rx_symbol ch=0 index=29 value=0x00118008 ns=5452042068
esp32s3_rmt_edge ch=0 enabled=1 level=1 ns=5452042068
esp32s3_rmt_input ch=0 valid=1 level=0 ns=5452042468
esp32s3_rmt_edge ch=0 enabled=1 level=0 ns=5452042468
esp32s3_rmt_input ch=0 valid=1 level=1 ns=5452043318
esp32s3_rmt_rx_symbol ch=0 index=30 value=0x00118008 ns=5452043318
esp32s3_rmt_edge ch=0 enabled=1 level=1 ns=5452043318
esp32s3_rmt_input ch=0 valid=1 level=0 ns=5452043718
esp32s3_rmt_edge ch=0 enabled=1 level=0 ns=5452043718
esp32s3_rmt_input ch=0 valid=1 level=1 ns=5452044568
esp32s3_rmt_rx_symbol ch=0 index=31 value=0x00118008 ns=5452044568
esp32s3_rmt_edge ch=0 enabled=1 level=1 ns=5452044568
esp32s3_rmt_input ch=0 valid=1 level=0 ns=5452044968
esp32s3_rmt_edge ch=0 enabled=1 level=0 ns=5452044968
esp32s3_rmt_input ch=0 valid=1 level=1 ns=5452045818
esp32s3_rmt_rx_symbol ch=0 index=32 value=0x00118008 ns=5452045818
esp32s3_rmt_edge ch=0 enabled=1 level=1 ns=5452045818
esp32s3_rmt_input ch=0 valid=1 level=0 ns=5452046218
esp32s3_rmt_edge ch=0 enabled=1 level=0 ns=5452046218
esp32s3_rmt_input ch=0 valid=1 level=1 ns=5452047068
esp32s3_rmt_rx_symbol ch=0 index=33 value=0x00118008 ns=5452047068
esp32s3_rmt_edge ch=0 enabled=1 level=1 ns=5452047068
esp32s3_rmt_input ch=0 valid=1 level=0 ns=5452047468
esp32s3_rmt_edge ch=0 enabled=1 level=0 ns=5452047468
esp32s3_rmt_input ch=0 valid=1 level=1 ns=5452048318
esp32s3_rmt_rx_symbol ch=0 index=34 value=0x00118008 ns=5452048318
esp32s3_rmt_edge ch=0 enabled=1 level=1 ns=5452048318
esp32s3_rmt_input ch=0 valid=1 level=0 ns=5452048718
esp32s3_rmt_edge ch=0 enabled=1 level=0 ns=5452048718
esp32s3_rmt_input ch=0 valid=1 level=1 ns=5452049568
esp32s3_rmt_rx_symbol ch=0 index=35 value=0x00118008 ns=5452049568
esp32s3_rmt_edge ch=0 enabled=1 level=1 ns=5452049568
esp32s3_rmt_input ch=0 valid=1 level=0 ns=5452049968
esp32s3_rmt_edge ch=0 enabled=1 level=0 ns=5452049968
esp32s3_rmt_input ch=0 valid=1 level=1 ns=5452050818
esp32s3_rmt_rx_symbol ch=0 index=36 value=0x00118008 ns=5452050818
esp32s3_rmt_edge ch=0 enabled=1 level=1 ns=5452050818
esp32s3_rmt_input ch=0 valid=1 level=0 ns=5452051218
esp32s3_rmt_edge ch=0 enabled=1 level=0 ns=5452051218
esp32s3_rmt_input ch=0 valid=1 level=1 ns=5452052068
esp32s3_rmt_rx_symbol ch=0 index=37 value=0x00118008 ns=5452052068
esp32s3_rmt_edge ch=0 enabled=1 level=1 ns=5452052068
esp32s3_rmt_input ch=0 valid=1 level=0 ns=5452052468
esp32s3_rmt_edge ch=0 enabled=1 level=0 ns=5452052468
esp32s3_rmt_input ch=0 valid=1 level=1 ns=5452053318
esp32s3_rmt_rx_symbol ch=0 index=38 value=0x00118008 ns=5452053318
esp32s3_rmt_edge ch=0 enabled=1 level=1 ns=5452053318
esp32s3_rmt_input ch=0 valid=1 level=0 ns=5452054118
esp32s3_rmt_edge ch=0 enabled=1 level=0 ns=5452054118
esp32s3_rmt_input ch=0 valid=1 level=1 ns=5452054568
esp32s3_rmt_rx_symbol ch=0 index=39 value=0x00098010 ns=5452054568
esp32s3_rmt_edge ch=0 enabled=1 level=1 ns=5452054568
esp32s3_rmt_input ch=0 valid=1 level=0 ns=5452055368
esp32s3_rmt_edge ch=0 enabled=1 level=0 ns=5452055368
esp32s3_rmt_input ch=0 valid=1 level=1 ns=5452055818
esp32s3_rmt_rx_symbol ch=0 index=40 value=0x00098010 ns=5452055818
esp32s3_rmt_edge ch=0 enabled=1 level=1 ns=5452055818
esp32s3_rmt_input ch=0 valid=1 level=0 ns=5452056618
esp32s3_rmt_edge ch=0 enabled=1 level=0 ns=5452056618
esp32s3_rmt_input ch=0 valid=1 level=1 ns=5452057068
esp32s3_rmt_rx_symbol ch=0 index=41 value=0x00098010 ns=5452057068
esp32s3_rmt_edge ch=0 enabled=1 level=1 ns=5452057068
esp32s3_rmt_input ch=0 valid=1 level=0 ns=5452057868
esp32s3_rmt_edge ch=0 enabled=1 level=0 ns=5452057868
esp32s3_rmt_input ch=0 valid=1 level=1 ns=5452058318
esp32s3_rmt_rx_symbol ch=0 index=42 value=0x00098010 ns=5452058318
esp32s3_rmt_edge ch=0 enabled=1 level=1 ns=5452058318
esp32s3_rmt_input ch=0 valid=1 level=0 ns=5452059118
esp32s3_rmt_edge ch=0 enabled=1 level=0 ns=5452059118
esp32s3_rmt_input ch=0 valid=1 level=1 ns=5452059568
esp32s3_rmt_rx_symbol ch=0 index=43 value=0x00098010 ns=5452059568
esp32s3_rmt_edge ch=0 enabled=1 level=1 ns=5452059568
esp32s3_rmt_input ch=0 valid=1 level=0 ns=5452060368
esp32s3_rmt_edge ch=0 enabled=1 level=0 ns=5452060368
esp32s3_rmt_input ch=0 valid=1 level=1 ns=5452060818
esp32s3_rmt_rx_symbol ch=0 index=44 value=0x00098010 ns=5452060818
esp32s3_rmt_edge ch=0 enabled=1 level=1 ns=5452060818
esp32s3_rmt_input ch=0 valid=1 level=0 ns=5452061618
esp32s3_rmt_edge ch=0 enabled=1 level=0 ns=5452061618
esp32s3_rmt_input ch=0 valid=1 level=1 ns=5452062068
esp32s3_rmt_rx_symbol ch=0 index=45 value=0x00098010 ns=5452062068
esp32s3_rmt_edge ch=0 enabled=1 level=1 ns=5452062068
esp32s3_rmt_input ch=0 valid=1 level=0 ns=5452062868
esp32s3_rmt_edge ch=0 enabled=1 level=0 ns=5452062868
esp32s3_rmt_input ch=0 valid=1 level=1 ns=5452063318
esp32s3_rmt_rx_symbol ch=0 index=46 value=0x00098010 ns=5452063318
esp32s3_rmt_edge ch=0 enabled=1 level=1 ns=5452063318
esp32s3_rmt_input ch=0 valid=1 level=0 ns=5452063718
esp32s3_rmt_edge ch=0 enabled=1 level=0 ns=5452063718
esp32s3_rmt_input ch=0 valid=1 level=1 ns=5452064568
esp32s3_rmt_rx_symbol ch=0 index=47 value=0x00118008 ns=5452064568
esp32s3_rmt_edge ch=0 enabled=1 level=1 ns=5452064568
esp32s3_rmt_input ch=0 valid=1 level=0 ns=5452065368
esp32s3_rmt_edge ch=0 enabled=1 level=0 ns=5452065368
esp32s3_rmt_input ch=0 valid=1 level=1 ns=5452065818
esp32s3_rmt_rx_symbol ch=0 index=0 value=0x00098010 ns=5452065818
esp32s3_rmt_edge ch=0 enabled=1 level=1 ns=5452065818
esp32s3_rmt_input ch=0 valid=1 level=0 ns=5452066618
esp32s3_rmt_edge ch=0 enabled=1 level=0 ns=5452066618
esp32s3_rmt_input ch=0 valid=1 level=1 ns=5452067068
esp32s3_rmt_rx_symbol ch=0 index=1 value=0x00098010 ns=5452067068
esp32s3_rmt_edge ch=0 enabled=1 level=1 ns=5452067068
esp32s3_rmt_input ch=0 valid=1 level=0 ns=5452067868
esp32s3_rmt_edge ch=0 enabled=1 level=0 ns=5452067868
esp32s3_rmt_input ch=0 valid=1 level=1 ns=5452068318
esp32s3_rmt_rx_symbol ch=0 index=2 value=0x00098010 ns=5452068318
esp32s3_rmt_edge ch=0 enabled=1 level=1 ns=5452068318
esp32s3_rmt_input ch=0 valid=1 level=0 ns=5452069118
esp32s3_rmt_edge ch=0 enabled=1 level=0 ns=5452069118
esp32s3_rmt_input ch=0 valid=1 level=1 ns=5452069568
esp32s3_rmt_rx_symbol ch=0 index=3 value=0x00098010 ns=5452069568
esp32s3_rmt_edge ch=0 enabled=1 level=1 ns=5452069568
esp32s3_rmt_input ch=0 valid=1 level=0 ns=5452070368
esp32s3_rmt_edge ch=0 enabled=1 level=0 ns=5452070368
esp32s3_rmt_input ch=0 valid=1 level=1 ns=5452070818
esp32s3_rmt_rx_symbol ch=0 index=4 value=0x00098010 ns=5452070818
esp32s3_rmt_edge ch=0 enabled=1 level=1 ns=5452070818
esp32s3_rmt_input ch=0 valid=1 level=0 ns=5452071618
esp32s3_rmt_edge ch=0 enabled=1 level=0 ns=5452071618
esp32s3_rmt_input ch=0 valid=1 level=1 ns=5452072068
esp32s3_rmt_rx_symbol ch=0 index=5 value=0x00098010 ns=5452072068
esp32s3_rmt_edge ch=0 enabled=1 level=1 ns=5452072068
esp32s3_rmt_input ch=0 valid=1 level=0 ns=5452072868
esp32s3_rmt_edge ch=0 enabled=1 level=0 ns=5452072868
esp32s3_rmt_input ch=0 valid=1 level=1 ns=5452073318
esp32s3_rmt_rx_symbol ch=0 index=6 value=0x00098010 ns=5452073318
esp32s3_rmt_edge ch=0 enabled=1 level=1 ns=5452073318
esp32s3_rmt_input ch=0 valid=1 level=0 ns=5452074118
esp32s3_rmt_edge ch=0 enabled=1 level=0 ns=5452074118
esp32s3_rmt_input ch=0 valid=1 level=1 ns=5452074568
esp32s3_rmt_rx_symbol ch=0 index=7 value=0x00098010 ns=5452074568
esp32s3_rmt_edge ch=0 enabled=1 level=1 ns=5452074568
esp32s3_rmt_input ch=0 valid=1 level=0 ns=5452074968
esp32s3_rmt_edge ch=0 enabled=1 level=0 ns=5452074968
esp32s3_rmt_input ch=0 valid=1 level=1 ns=5452075818
esp32s3_rmt_rx_symbol ch=0 index=8 value=0x00118008 ns=5452075818
esp32s3_rmt_edge ch=0 enabled=1 level=1 ns=5452075818
esp32s3_rmt_input ch=0 valid=1 level=0 ns=5452076218
esp32s3_rmt_edge ch=0 enabled=1 level=0 ns=5452076218
esp32s3_rmt_input ch=0 valid=1 level=1 ns=5452077068
esp32s3_rmt_rx_symbol ch=0 index=9 value=0x00118008 ns=5452077068
esp32s3_rmt_edge ch=0 enabled=1 level=1 ns=5452077068
esp32s3_rmt_input ch=0 valid=1 level=0 ns=5452077468
esp32s3_rmt_edge ch=0 enabled=1 level=0 ns=5452077468
esp32s3_rmt_input ch=0 valid=1 level=1 ns=5452078318
esp32s3_rmt_rx_symbol ch=0 index=10 value=0x00118008 ns=5452078318
esp32s3_rmt_edge ch=0 enabled=1 level=1 ns=5452078318
esp32s3_rmt_input ch=0 valid=1 level=0 ns=5452078718
esp32s3_rmt_edge ch=0 enabled=1 level=0 ns=5452078718
esp32s3_rmt_input ch=0 valid=1 level=1 ns=5452079568
esp32s3_rmt_rx_symbol ch=0 index=11 value=0x00118008 ns=5452079568
esp32s3_rmt_edge ch=0 enabled=1 level=1 ns=5452079568
esp32s3_rmt_input ch=0 valid=1 level=0 ns=5452079968
esp32s3_rmt_edge ch=0 enabled=1 level=0 ns=5452079968
esp32s3_rmt_input ch=0 valid=1 level=1 ns=5452080818
esp32s3_rmt_rx_symbol ch=0 index=12 value=0x00118008 ns=5452080818
esp32s3_rmt_edge ch=0 enabled=1 level=1 ns=5452080818
esp32s3_rmt_input ch=0 valid=1 level=0 ns=5452081218
esp32s3_rmt_edge ch=0 enabled=1 level=0 ns=5452081218
esp32s3_rmt_input ch=0 valid=1 level=1 ns=5452082068
esp32s3_rmt_rx_symbol ch=0 index=13 value=0x00118008 ns=5452082068
esp32s3_rmt_edge ch=0 enabled=1 level=1 ns=5452082068
esp32s3_rmt_input ch=0 valid=1 level=0 ns=5452082468
esp32s3_rmt_edge ch=0 enabled=1 level=0 ns=5452082468
esp32s3_rmt_input ch=0 valid=1 level=1 ns=5452083318
esp32s3_rmt_rx_symbol ch=0 index=14 value=0x00118008 ns=5452083318
esp32s3_rmt_edge ch=0 enabled=1 level=1 ns=5452083318
esp32s3_rmt_input ch=0 valid=1 level=0 ns=5452083718
esp32s3_rmt_edge ch=0 enabled=1 level=0 ns=5452083718
esp32s3_rmt_input ch=0 valid=1 level=1 ns=5452084568
esp32s3_rmt_rx_symbol ch=0 index=15 value=0x00118008 ns=5452084568
esp32s3_rmt_edge ch=0 enabled=1 level=1 ns=5452084568
esp32s3_rmt_input ch=0 valid=1 level=0 ns=5452084968
esp32s3_rmt_edge ch=0 enabled=1 level=0 ns=5452084968
esp32s3_rmt_input ch=0 valid=1 level=1 ns=5452085818
esp32s3_rmt_rx_symbol ch=0 index=16 value=0x00118008 ns=5452085818
esp32s3_rmt_edge ch=0 enabled=1 level=1 ns=5452085818
esp32s3_rmt_input ch=0 valid=1 level=0 ns=5452086618
esp32s3_rmt_edge ch=0 enabled=1 level=0 ns=5452086618
esp32s3_rmt_input ch=0 valid=1 level=1 ns=5452087068
esp32s3_rmt_rx_symbol ch=0 index=17 value=0x00098010 ns=5452087068
esp32s3_rmt_edge ch=0 enabled=1 level=1 ns=5452087068
esp32s3_rmt_input ch=0 valid=1 level=0 ns=5452087868
esp32s3_rmt_edge ch=0 enabled=1 level=0 ns=5452087868
esp32s3_rmt_input ch=0 valid=1 level=1 ns=5452088318
esp32s3_rmt_rx_symbol ch=0 index=18 value=0x00098010 ns=5452088318
esp32s3_rmt_edge ch=0 enabled=1 level=1 ns=5452088318
esp32s3_rmt_input ch=0 valid=1 level=0 ns=5452089118
esp32s3_rmt_edge ch=0 enabled=1 level=0 ns=5452089118
esp32s3_rmt_input ch=0 valid=1 level=1 ns=5452089568
esp32s3_rmt_rx_symbol ch=0 index=19 value=0x00098010 ns=5452089568
esp32s3_rmt_edge ch=0 enabled=1 level=1 ns=5452089568
esp32s3_rmt_input ch=0 valid=1 level=0 ns=5452090368
esp32s3_rmt_edge ch=0 enabled=1 level=0 ns=5452090368
esp32s3_rmt_input ch=0 valid=1 level=1 ns=5452090818
esp32s3_rmt_rx_symbol ch=0 index=20 value=0x00098010 ns=5452090818
esp32s3_rmt_edge ch=0 enabled=1 level=1 ns=5452090818
esp32s3_rmt_input ch=0 valid=1 level=0 ns=5452091618
esp32s3_rmt_edge ch=0 enabled=1 level=0 ns=5452091618
esp32s3_rmt_input ch=0 valid=1 level=1 ns=5452092068
esp32s3_rmt_rx_symbol ch=0 index=21 value=0x00098010 ns=5452092068
esp32s3_rmt_edge ch=0 enabled=1 level=1 ns=5452092068
esp32s3_rmt_input ch=0 valid=1 level=0 ns=5452092868
esp32s3_rmt_edge ch=0 enabled=1 level=0 ns=5452092868
esp32s3_rmt_input ch=0 valid=1 level=1 ns=5452093318
esp32s3_rmt_rx_symbol ch=0 index=22 value=0x00098010 ns=5452093318
esp32s3_rmt_edge ch=0 enabled=1 level=1 ns=5452093318
esp32s3_rmt_input ch=0 valid=1 level=0 ns=5452094118
esp32s3_rmt_edge ch=0 enabled=1 level=0 ns=5452094118
esp32s3_rmt_tx_stop ch=0 ns=5452094568
esp32s3_rmt_edge ch=0 enabled=1 level=0 ns=5452094568
esp32s3_rmt_rx_symbol ch=0 index=23 value=0x00008010 ns=5453094168
esp32s3_rmt_edge ch=0 enabled=0 level=0 ns=6038149741
esp32s3_rmt_edge ch=1 enabled=0 level=0 ns=6038149741
esp32s3_rmt_edge ch=2 enabled=0 level=0 ns=6038149741
esp32s3_rmt_edge ch=3 enabled=0 level=0 ns=6038149741
esp32s3_rmt_input ch=3 valid=1 level=0 ns=6049745128
esp32s3_rmt_edge ch=3 enabled=1 level=0 ns=6990136465
esp32s3_rmt_tx_start ch=3 ns=6990136471
esp32s3_rmt_input ch=3 valid=1 level=1 ns=6990136471
esp32s3_rmt_edge ch=3 enabled=1 level=1 ns=6990136471
esp32s3_rmt_input ch=3 valid=1 level=0 ns=6990167471
esp32s3_rmt_edge ch=3 enabled=1 level=0 ns=6990167471
esp32s3_rmt_input ch=3 valid=1 level=1 ns=6990210471
esp32s3_rmt_rx_symbol ch=3 index=0 value=0x002b801f ns=6990210471
esp32s3_rmt_edge ch=3 enabled=1 level=1 ns=6990210471
esp32s3_rmt_input ch=3 valid=1 level=0 ns=6990258471
esp32s3_rmt_edge ch=3 enabled=1 level=0 ns=6990258471
esp32s3_rmt_input ch=3 valid=1 level=1 ns=6990314471
esp32s3_rmt_rx_symbol ch=3 index=1 value=0x00388030 ns=6990314471
esp32s3_rmt_edge ch=3 enabled=1 level=1 ns=6990314471
esp32s3_rmt_input ch=3 valid=1 level=0 ns=6990379471
esp32s3_rmt_edge ch=3 enabled=1 level=0 ns=6990379471
esp32s3_rmt_input ch=3 valid=1 level=1 ns=6990448471
esp32s3_rmt_rx_symbol ch=3 index=2 value=0x00458041 ns=6990448471
esp32s3_rmt_edge ch=3 enabled=1 level=1 ns=6990448471
esp32s3_rmt_input ch=3 valid=1 level=0 ns=6990530471
esp32s3_rmt_edge ch=3 enabled=1 level=0 ns=6990530471
esp32s3_rmt_input ch=3 valid=1 level=1 ns=6990612471
esp32s3_rmt_rx_symbol ch=3 index=3 value=0x00528052 ns=6990612471
esp32s3_rmt_edge ch=3 enabled=1 level=1 ns=6990612471
esp32s3_rmt_input ch=3 valid=1 level=0 ns=6990711471
esp32s3_rmt_edge ch=3 enabled=1 level=0 ns=6990711471
esp32s3_rmt_input ch=3 valid=1 level=1 ns=6990806471
esp32s3_rmt_rx_symbol ch=3 index=4 value=0x005f8063 ns=6990806471
esp32s3_rmt_edge ch=3 enabled=1 level=1 ns=6990806471
esp32s3_rmt_input ch=3 valid=1 level=0 ns=6990851471
esp32s3_rmt_edge ch=3 enabled=1 level=0 ns=6990851471
esp32s3_rmt_input ch=3 valid=1 level=1 ns=6990959471
esp32s3_rmt_rx_symbol ch=3 index=5 value=0x006c802d ns=6990959471
esp32s3_rmt_edge ch=3 enabled=1 level=1 ns=6990959471
esp32s3_rmt_input ch=3 valid=1 level=0 ns=6991021471
esp32s3_rmt_edge ch=3 enabled=1 level=0 ns=6991021471
esp32s3_rmt_input ch=3 valid=1 level=1 ns=6991142471
esp32s3_rmt_rx_symbol ch=3 index=6 value=0x0079803e ns=6991142471
esp32s3_rmt_edge ch=3 enabled=1 level=1 ns=6991142471
esp32s3_rmt_input ch=3 valid=1 level=0 ns=6991221471
esp32s3_rmt_edge ch=3 enabled=1 level=0 ns=6991221471
esp32s3_rmt_input ch=3 valid=1 level=1 ns=6991272471
esp32s3_rmt_rx_symbol ch=3 index=7 value=0x0033804f ns=6991272471
esp32s3_rmt_edge ch=3 enabled=1 level=1 ns=6991272471
esp32s3_rmt_input ch=3 valid=1 level=0 ns=6991368471
esp32s3_rmt_edge ch=3 enabled=1 level=0 ns=6991368471
esp32s3_rmt_input ch=3 valid=1 level=1 ns=6991432471
esp32s3_rmt_rx_symbol ch=3 index=8 value=0x00408060 ns=6991432471
esp32s3_rmt_edge ch=3 enabled=1 level=1 ns=6991432471
esp32s3_rmt_input ch=3 valid=1 level=0 ns=6991474471
esp32s3_rmt_edge ch=3 enabled=1 level=0 ns=6991474471
esp32s3_rmt_input ch=3 valid=1 level=1 ns=6991551471
esp32s3_rmt_rx_symbol ch=3 index=9 value=0x004d802a ns=6991551471
esp32s3_rmt_edge ch=3 enabled=1 level=1 ns=6991551471
esp32s3_rmt_input ch=3 valid=1 level=0 ns=6991610471
esp32s3_rmt_edge ch=3 enabled=1 level=0 ns=6991610471
esp32s3_rmt_input ch=3 valid=1 level=1 ns=6991700471
esp32s3_rmt_rx_symbol ch=3 index=10 value=0x005a803b ns=6991700471
esp32s3_rmt_edge ch=3 enabled=1 level=1 ns=6991700471
esp32s3_rmt_input ch=3 valid=1 level=0 ns=6991776471
esp32s3_rmt_edge ch=3 enabled=1 level=0 ns=6991776471
esp32s3_rmt_input ch=3 valid=1 level=1 ns=6991879471
esp32s3_rmt_rx_symbol ch=3 index=11 value=0x0067804c ns=6991879471
esp32s3_rmt_edge ch=3 enabled=1 level=1 ns=6991879471
esp32s3_rmt_input ch=3 valid=1 level=0 ns=6991972471
esp32s3_rmt_edge ch=3 enabled=1 level=0 ns=6991972471
esp32s3_rmt_input ch=3 valid=1 level=1 ns=6992088471
esp32s3_rmt_rx_symbol ch=3 index=12 value=0x0074805d ns=6992088471
esp32s3_rmt_edge ch=3 enabled=1 level=1 ns=6992088471
esp32s3_rmt_input ch=3 valid=1 level=0 ns=6992127471
esp32s3_rmt_edge ch=3 enabled=1 level=0 ns=6992127471
esp32s3_rmt_input ch=3 valid=1 level=1 ns=6992173471
esp32s3_rmt_rx_symbol ch=3 index=13 value=0x002e8027 ns=6992173471
esp32s3_rmt_edge ch=3 enabled=1 level=1 ns=6992173471
esp32s3_rmt_input ch=3 valid=1 level=0 ns=6992229471
esp32s3_rmt_edge ch=3 enabled=1 level=0 ns=6992229471
esp32s3_rmt_input ch=3 valid=1 level=1 ns=6992288471
esp32s3_rmt_rx_symbol ch=3 index=14 value=0x003b8038 ns=6992288471
esp32s3_rmt_edge ch=3 enabled=1 level=1 ns=6992288471
esp32s3_rmt_input ch=3 valid=1 level=0 ns=6992361471
esp32s3_rmt_edge ch=3 enabled=1 level=0 ns=6992361471
esp32s3_rmt_input ch=3 valid=1 level=1 ns=6992433471
esp32s3_rmt_rx_symbol ch=3 index=15 value=0x00488049 ns=6992433471
esp32s3_rmt_edge ch=3 enabled=1 level=1 ns=6992433471
esp32s3_rmt_input ch=3 valid=1 level=0 ns=6992523471
esp32s3_rmt_edge ch=3 enabled=1 level=0 ns=6992523471
esp32s3_rmt_input ch=3 valid=1 level=1 ns=6992608471
esp32s3_rmt_rx_symbol ch=3 index=16 value=0x0055805a ns=6992608471
esp32s3_rmt_edge ch=3 enabled=1 level=1 ns=6992608471
esp32s3_rmt_input ch=3 valid=1 level=0 ns=6992644471
esp32s3_rmt_edge ch=3 enabled=1 level=0 ns=6992644471
esp32s3_rmt_input ch=3 valid=1 level=1 ns=6992742471
esp32s3_rmt_rx_symbol ch=3 index=17 value=0x00628024 ns=6992742471
esp32s3_rmt_edge ch=3 enabled=1 level=1 ns=6992742471
esp32s3_rmt_input ch=3 valid=1 level=0 ns=6992795471
esp32s3_rmt_edge ch=3 enabled=1 level=0 ns=6992795471
esp32s3_rmt_input ch=3 valid=1 level=1 ns=6992906471
esp32s3_rmt_rx_symbol ch=3 index=18 value=0x006f8035 ns=6992906471
esp32s3_rmt_edge ch=3 enabled=1 level=1 ns=6992906471
esp32s3_rmt_input ch=3 valid=1 level=0 ns=6992976471
esp32s3_rmt_edge ch=3 enabled=1 level=0 ns=6992976471
esp32s3_rmt_input ch=3 valid=1 level=1 ns=6993100471
esp32s3_rmt_rx_symbol ch=3 index=19 value=0x007c8046 ns=6993100471
esp32s3_rmt_edge ch=3 enabled=1 level=1 ns=6993100471
esp32s3_rmt_input ch=3 valid=1 level=0 ns=6993187471
esp32s3_rmt_edge ch=3 enabled=1 level=0 ns=6993187471
esp32s3_rmt_input ch=3 valid=1 level=1 ns=6993241471
esp32s3_rmt_rx_symbol ch=3 index=20 value=0x00368057 ns=6993241471
esp32s3_rmt_edge ch=3 enabled=1 level=1 ns=6993241471
esp32s3_rmt_input ch=3 valid=1 level=0 ns=6993274471
esp32s3_rmt_edge ch=3 enabled=1 level=0 ns=6993274471
esp32s3_rmt_input ch=3 valid=1 level=1 ns=6993341471
esp32s3_rmt_rx_symbol ch=3 index=21 value=0x00438021 ns=6993341471
esp32s3_rmt_edge ch=3 enabled=1 level=1 ns=6993341471
esp32s3_rmt_input ch=3 valid=1 level=0 ns=6993391471
esp32s3_rmt_edge ch=3 enabled=1 level=0 ns=6993391471
esp32s3_rmt_input ch=3 valid=1 level=1 ns=6993471471
esp32s3_rmt_rx_symbol ch=3 index=22 value=0x00508032 ns=6993471471
esp32s3_rmt_edge ch=3 enabled=1 level=1 ns=6993471471
esp32s3_rmt_input ch=3 valid=1 level=0 ns=6993538471
esp32s3_rmt_edge ch=3 enabled=1 level=0 ns=6993538471
esp32s3_rmt_input ch=3 valid=1 level=1 ns=6993631471
esp32s3_rmt_rx_symbol ch=3 index=23 value=0x005d8043 ns=6993631471
esp32s3_rmt_edge ch=3 enabled=1 level=1 ns=6993631471
esp32s3_rmt_input ch=3 valid=1 level=0 ns=6993715471
esp32s3_rmt_edge ch=3 enabled=1 level=0 ns=6993715471
esp32s3_rmt_input ch=3 valid=1 level=1 ns=6993821471
esp32s3_rmt_rx_symbol ch=3 index=24 value=0x006a8054 ns=6993821471
esp32s3_rmt_edge ch=3 enabled=1 level=1 ns=6993821471
esp32s3_rmt_input ch=3 valid=1 level=0 ns=6993922471
esp32s3_rmt_edge ch=3 enabled=1 level=0 ns=6993922471
esp32s3_rmt_input ch=3 valid=1 level=1 ns=6994041471
esp32s3_rmt_rx_symbol ch=3 index=25 value=0x00778065 ns=6994041471
esp32s3_rmt_edge ch=3 enabled=1 level=1 ns=6994041471
esp32s3_rmt_input ch=3 valid=1 level=0 ns=6994088471
esp32s3_rmt_edge ch=3 enabled=1 level=0 ns=6994088471
esp32s3_rmt_input ch=3 valid=1 level=1 ns=6994137471
esp32s3_rmt_rx_symbol ch=3 index=26 value=0x0031802f ns=6994137471
esp32s3_rmt_edge ch=3 enabled=1 level=1 ns=6994137471
esp32s3_rmt_input ch=3 valid=1 level=0 ns=6994201471
esp32s3_rmt_edge ch=3 enabled=1 level=0 ns=6994201471
esp32s3_rmt_input ch=3 valid=1 level=1 ns=6994263471
esp32s3_rmt_rx_symbol ch=3 index=27 value=0x003e8040 ns=6994263471
esp32s3_rmt_edge ch=3 enabled=1 level=1 ns=6994263471
esp32s3_rmt_input ch=3 valid=1 level=0 ns=6994344471
esp32s3_rmt_edge ch=3 enabled=1 level=0 ns=6994344471
esp32s3_rmt_input ch=3 valid=1 level=1 ns=6994419471
esp32s3_rmt_rx_symbol ch=3 index=28 value=0x004b8051 ns=6994419471
esp32s3_rmt_edge ch=3 enabled=1 level=1 ns=6994419471
esp32s3_rmt_input ch=3 valid=1 level=0 ns=6994517471
esp32s3_rmt_edge ch=3 enabled=1 level=0 ns=6994517471
esp32s3_rmt_input ch=3 valid=1 level=1 ns=6994605471
esp32s3_rmt_rx_symbol ch=3 index=29 value=0x00588062 ns=6994605471
esp32s3_rmt_edge ch=3 enabled=1 level=1 ns=6994605471
esp32s3_rmt_input ch=3 valid=1 level=0 ns=6994649471
esp32s3_rmt_edge ch=3 enabled=1 level=0 ns=6994649471
esp32s3_rmt_input ch=3 valid=1 level=1 ns=6994750471
esp32s3_rmt_rx_symbol ch=3 index=30 value=0x0065802c ns=6994750471
esp32s3_rmt_edge ch=3 enabled=1 level=1 ns=6994750471
esp32s3_rmt_input ch=3 valid=1 level=0 ns=6994811471
esp32s3_rmt_edge ch=3 enabled=1 level=0 ns=6994811471
esp32s3_rmt_input ch=3 valid=1 level=1 ns=6994925471
esp32s3_rmt_rx_symbol ch=3 index=31 value=0x0072803d ns=6994925471
esp32s3_rmt_edge ch=3 enabled=1 level=1 ns=6994925471
esp32s3_rmt_input ch=3 valid=1 level=0 ns=6995003471
esp32s3_rmt_edge ch=3 enabled=1 level=0 ns=6995003471
esp32s3_rmt_input ch=3 valid=1 level=1 ns=6995047471
esp32s3_rmt_rx_symbol ch=3 index=32 value=0x002c804e ns=6995047471
esp32s3_rmt_edge ch=3 enabled=1 level=1 ns=6995047471
esp32s3_rmt_input ch=3 valid=1 level=0 ns=6995142471
esp32s3_rmt_edge ch=3 enabled=1 level=0 ns=6995142471
esp32s3_rmt_input ch=3 valid=1 level=1 ns=6995199471
esp32s3_rmt_rx_symbol ch=3 index=33 value=0x0039805f ns=6995199471
esp32s3_rmt_edge ch=3 enabled=1 level=1 ns=6995199471
esp32s3_rmt_input ch=3 valid=1 level=0 ns=6995240471
esp32s3_rmt_edge ch=3 enabled=1 level=0 ns=6995240471
esp32s3_rmt_input ch=3 valid=1 level=1 ns=6995310471
esp32s3_rmt_rx_symbol ch=3 index=34 value=0x00468029 ns=6995310471
esp32s3_rmt_edge ch=3 enabled=1 level=1 ns=6995310471
esp32s3_rmt_input ch=3 valid=1 level=0 ns=6995368471
esp32s3_rmt_edge ch=3 enabled=1 level=0 ns=6995368471
esp32s3_rmt_input ch=3 valid=1 level=1 ns=6995451471
esp32s3_rmt_rx_symbol ch=3 index=35 value=0x0053803a ns=6995451471
esp32s3_rmt_edge ch=3 enabled=1 level=1 ns=6995451471
esp32s3_rmt_input ch=3 valid=1 level=0 ns=6995526471
esp32s3_rmt_edge ch=3 enabled=1 level=0 ns=6995526471
esp32s3_rmt_input ch=3 valid=1 level=1 ns=6995622471
esp32s3_rmt_rx_symbol ch=3 index=36 value=0x0060804b ns=6995622471
esp32s3_rmt_edge ch=3 enabled=1 level=1 ns=6995622471
esp32s3_rmt_input ch=3 valid=1 level=0 ns=6995714471
esp32s3_rmt_edge ch=3 enabled=1 level=0 ns=6995714471
esp32s3_rmt_input ch=3 valid=1 level=1 ns=6995823471
esp32s3_rmt_rx_symbol ch=3 index=37 value=0x006d805c ns=6995823471
esp32s3_rmt_edge ch=3 enabled=1 level=1 ns=6995823471
esp32s3_rmt_input ch=3 valid=1 level=0 ns=6995861471
esp32s3_rmt_edge ch=3 enabled=1 level=0 ns=6995861471
esp32s3_rmt_input ch=3 valid=1 level=1 ns=6995983471
esp32s3_rmt_rx_symbol ch=3 index=38 value=0x007a8026 ns=6995983471
esp32s3_rmt_edge ch=3 enabled=1 level=1 ns=6995983471
esp32s3_rmt_input ch=3 valid=1 level=0 ns=6996038471
esp32s3_rmt_edge ch=3 enabled=1 level=0 ns=6996038471
esp32s3_rmt_input ch=3 valid=1 level=1 ns=6996090471
esp32s3_rmt_rx_symbol ch=3 index=39 value=0x00348037 ns=6996090471
esp32s3_rmt_edge ch=3 enabled=1 level=1 ns=6996090471
esp32s3_rmt_input ch=3 valid=1 level=0 ns=6996162471
esp32s3_rmt_edge ch=3 enabled=1 level=0 ns=6996162471
esp32s3_rmt_input ch=3 valid=1 level=1 ns=6996227471
esp32s3_rmt_rx_symbol ch=3 index=40 value=0x00418048 ns=6996227471
esp32s3_rmt_edge ch=3 enabled=1 level=1 ns=6996227471
esp32s3_rmt_input ch=3 valid=1 level=0 ns=6996316471
esp32s3_rmt_edge ch=3 enabled=1 level=0 ns=6996316471
esp32s3_rmt_input ch=3 valid=1 level=1 ns=6996394471
esp32s3_rmt_rx_symbol ch=3 index=41 value=0x004e8059 ns=6996394471
esp32s3_rmt_edge ch=3 enabled=1 level=1 ns=6996394471
esp32s3_rmt_input ch=3 valid=1 level=0 ns=6996429471
esp32s3_rmt_edge ch=3 enabled=1 level=0 ns=6996429471
esp32s3_rmt_input ch=3 valid=1 level=1 ns=6996520471
esp32s3_rmt_rx_symbol ch=3 index=42 value=0x005b8023 ns=6996520471
esp32s3_rmt_edge ch=3 enabled=1 level=1 ns=6996520471
esp32s3_rmt_input ch=3 valid=1 level=0 ns=6996572471
esp32s3_rmt_edge ch=3 enabled=1 level=0 ns=6996572471
esp32s3_rmt_input ch=3 valid=1 level=1 ns=6996676471
esp32s3_rmt_rx_symbol ch=3 index=43 value=0x00688034 ns=6996676471
esp32s3_rmt_edge ch=3 enabled=1 level=1 ns=6996676471
esp32s3_rmt_input ch=3 valid=1 level=0 ns=6996745471
esp32s3_rmt_edge ch=3 enabled=1 level=0 ns=6996745471
esp32s3_rmt_input ch=3 valid=1 level=1 ns=6996862471
esp32s3_rmt_rx_symbol ch=3 index=44 value=0x00758045 ns=6996862471
esp32s3_rmt_edge ch=3 enabled=1 level=1 ns=6996862471
esp32s3_rmt_input ch=3 valid=1 level=0 ns=6996948471
esp32s3_rmt_edge ch=3 enabled=1 level=0 ns=6996948471
esp32s3_rmt_input ch=3 valid=1 level=1 ns=6996995471
esp32s3_rmt_rx_symbol ch=3 index=45 value=0x002f8056 ns=6996995471
esp32s3_rmt_edge ch=3 enabled=1 level=1 ns=6996995471
esp32s3_rmt_input ch=3 valid=1 level=0 ns=6997027471
esp32s3_rmt_edge ch=3 enabled=1 level=0 ns=6997027471
esp32s3_rmt_input ch=3 valid=1 level=1 ns=6997087471
esp32s3_rmt_rx_symbol ch=3 index=46 value=0x003c8020 ns=6997087471
esp32s3_rmt_edge ch=3 enabled=1 level=1 ns=6997087471
esp32s3_rmt_input ch=3 valid=1 level=0 ns=6997136471
esp32s3_rmt_edge ch=3 enabled=1 level=0 ns=6997136471
esp32s3_rmt_input ch=3 valid=1 level=1 ns=6997209471
esp32s3_rmt_rx_symbol ch=3 index=47 value=0x00498031 ns=6997209471
esp32s3_rmt_edge ch=3 enabled=1 level=1 ns=6997209471
esp32s3_rmt_input ch=3 valid=1 level=0 ns=6997275471
esp32s3_rmt_edge ch=3 enabled=1 level=0 ns=6997275471
esp32s3_rmt_input ch=3 valid=1 level=1 ns=6997361471
esp32s3_rmt_rx_symbol ch=3 index=0 value=0x00568042 ns=6997361471
esp32s3_rmt_edge ch=3 enabled=1 level=1 ns=6997361471
esp32s3_rmt_input ch=3 valid=1 level=0 ns=6997444471
esp32s3_rmt_edge ch=3 enabled=1 level=0 ns=6997444471
esp32s3_rmt_input ch=3 valid=1 level=1 ns=6997543471
esp32s3_rmt_rx_symbol ch=3 index=1 value=0x00638053 ns=6997543471
esp32s3_rmt_edge ch=3 enabled=1 level=1 ns=6997543471
esp32s3_rmt_input ch=3 valid=1 level=0 ns=6997643471
esp32s3_rmt_edge ch=3 enabled=1 level=0 ns=6997643471
esp32s3_rmt_input ch=3 valid=1 level=1 ns=6997755471
esp32s3_rmt_rx_symbol ch=3 index=2 value=0x00708064 ns=6997755471
esp32s3_rmt_edge ch=3 enabled=1 level=1 ns=6997755471
esp32s3_rmt_input ch=3 valid=1 level=0 ns=6997801471
esp32s3_rmt_edge ch=3 enabled=1 level=0 ns=6997801471
esp32s3_rmt_input ch=3 valid=1 level=1 ns=6997926471
esp32s3_rmt_rx_symbol ch=3 index=3 value=0x007d802e ns=6997926471
esp32s3_rmt_edge ch=3 enabled=1 level=1 ns=6997926471
esp32s3_rmt_input ch=3 valid=1 level=0 ns=6997989471
esp32s3_rmt_edge ch=3 enabled=1 level=0 ns=6997989471
esp32s3_rmt_input ch=3 valid=1 level=1 ns=6998044471
esp32s3_rmt_rx_symbol ch=3 index=4 value=0x0037803f ns=6998044471
esp32s3_rmt_edge ch=3 enabled=1 level=1 ns=6998044471
esp32s3_rmt_input ch=3 valid=1 level=0 ns=6998124471
esp32s3_rmt_edge ch=3 enabled=1 level=0 ns=6998124471
esp32s3_rmt_input ch=3 valid=1 level=1 ns=6998192471
esp32s3_rmt_rx_symbol ch=3 index=5 value=0x00448050 ns=6998192471
esp32s3_rmt_edge ch=3 enabled=1 level=1 ns=6998192471
esp32s3_rmt_input ch=3 valid=1 level=0 ns=6998289471
esp32s3_rmt_edge ch=3 enabled=1 level=0 ns=6998289471
esp32s3_rmt_input ch=3 valid=1 level=1 ns=6998370471
esp32s3_rmt_rx_symbol ch=3 index=6 value=0x00518061 ns=6998370471
esp32s3_rmt_edge ch=3 enabled=1 level=1 ns=6998370471
esp32s3_rmt_input ch=3 valid=1 level=0 ns=6998413471
esp32s3_rmt_edge ch=3 enabled=1 level=0 ns=6998413471
esp32s3_rmt_input ch=3 valid=1 level=1 ns=6998507471
esp32s3_rmt_rx_symbol ch=3 index=7 value=0x005e802b ns=6998507471
esp32s3_rmt_edge ch=3 enabled=1 level=1 ns=6998507471
esp32s3_rmt_input ch=3 valid=1 level=0 ns=6998567471
esp32s3_rmt_edge ch=3 enabled=1 level=0 ns=6998567471
esp32s3_rmt_input ch=3 valid=1 level=1 ns=6998674471
esp32s3_rmt_rx_symbol ch=3 index=8 value=0x006b803c ns=6998674471
esp32s3_rmt_edge ch=3 enabled=1 level=1 ns=6998674471
esp32s3_rmt_input ch=3 valid=1 level=0 ns=6998751471
esp32s3_rmt_edge ch=3 enabled=1 level=0 ns=6998751471
esp32s3_rmt_input ch=3 valid=1 level=1 ns=6998871471
esp32s3_rmt_rx_symbol ch=3 index=9 value=0x0078804d ns=6998871471
esp32s3_rmt_edge ch=3 enabled=1 level=1 ns=6998871471
esp32s3_rmt_input ch=3 valid=1 level=0 ns=6998965471
esp32s3_rmt_edge ch=3 enabled=1 level=0 ns=6998965471
esp32s3_rmt_input ch=3 valid=1 level=1 ns=6999015471
esp32s3_rmt_rx_symbol ch=3 index=10 value=0x0032805e ns=6999015471
esp32s3_rmt_edge ch=3 enabled=1 level=1 ns=6999015471
esp32s3_rmt_input ch=3 valid=1 level=0 ns=6999055471
esp32s3_rmt_edge ch=3 enabled=1 level=0 ns=6999055471
esp32s3_rmt_input ch=3 valid=1 level=1 ns=6999118471
esp32s3_rmt_rx_symbol ch=3 index=11 value=0x003f8028 ns=6999118471
esp32s3_rmt_edge ch=3 enabled=1 level=1 ns=6999118471
esp32s3_rmt_input ch=3 valid=1 level=0 ns=6999175471
esp32s3_rmt_edge ch=3 enabled=1 level=0 ns=6999175471
esp32s3_rmt_input ch=3 valid=1 level=1 ns=6999251471
esp32s3_rmt_rx_symbol ch=3 index=12 value=0x004c8039 ns=6999251471
esp32s3_rmt_edge ch=3 enabled=1 level=1 ns=6999251471
esp32s3_rmt_input ch=3 valid=1 level=0 ns=6999325471
esp32s3_rmt_edge ch=3 enabled=1 level=0 ns=6999325471
esp32s3_rmt_input ch=3 valid=1 level=1 ns=6999414471
esp32s3_rmt_rx_symbol ch=3 index=13 value=0x0059804a ns=6999414471
esp32s3_rmt_edge ch=3 enabled=1 level=1 ns=6999414471
esp32s3_rmt_input ch=3 valid=1 level=0 ns=6999505471
esp32s3_rmt_edge ch=3 enabled=1 level=0 ns=6999505471
esp32s3_rmt_input ch=3 valid=1 level=1 ns=6999607471
esp32s3_rmt_rx_symbol ch=3 index=14 value=0x0066805b ns=6999607471
esp32s3_rmt_edge ch=3 enabled=1 level=1 ns=6999607471
esp32s3_rmt_input ch=3 valid=1 level=0 ns=6999644471
esp32s3_rmt_edge ch=3 enabled=1 level=0 ns=6999644471
esp32s3_rmt_input ch=3 valid=1 level=1 ns=6999759471
esp32s3_rmt_rx_symbol ch=3 index=15 value=0x00738025 ns=6999759471
esp32s3_rmt_edge ch=3 enabled=1 level=1 ns=6999759471
esp32s3_rmt_input ch=3 valid=1 level=0 ns=6999813471
esp32s3_rmt_edge ch=3 enabled=1 level=0 ns=6999813471
esp32s3_rmt_input ch=3 valid=1 level=1 ns=6999858471
esp32s3_rmt_rx_symbol ch=3 index=16 value=0x002d8036 ns=6999858471
esp32s3_rmt_edge ch=3 enabled=1 level=1 ns=6999858471
esp32s3_rmt_input ch=3 valid=1 level=0 ns=6999929471
esp32s3_rmt_edge ch=3 enabled=1 level=0 ns=6999929471
esp32s3_rmt_input ch=3 valid=1 level=1 ns=6999987471
esp32s3_rmt_rx_symbol ch=3 index=17 value=0x003a8047 ns=6999987471
esp32s3_rmt_edge ch=3 enabled=1 level=1 ns=6999987471
esp32s3_rmt_input ch=3 valid=1 level=0 ns=7000075471
esp32s3_rmt_edge ch=3 enabled=1 level=0 ns=7000075471
esp32s3_rmt_input ch=3 valid=1 level=1 ns=7000146471
esp32s3_rmt_rx_symbol ch=3 index=18 value=0x00478058 ns=7000146471
esp32s3_rmt_edge ch=3 enabled=1 level=1 ns=7000146471
esp32s3_rmt_input ch=3 valid=1 level=0 ns=7000180471
esp32s3_rmt_edge ch=3 enabled=1 level=0 ns=7000180471
esp32s3_rmt_input ch=3 valid=1 level=1 ns=7000264471
esp32s3_rmt_rx_symbol ch=3 index=19 value=0x00548022 ns=7000264471
esp32s3_rmt_edge ch=3 enabled=1 level=1 ns=7000264471
esp32s3_rmt_input ch=3 valid=1 level=0 ns=7000315471
esp32s3_rmt_edge ch=3 enabled=1 level=0 ns=7000315471
esp32s3_rmt_input ch=3 valid=1 level=1 ns=7000412471
esp32s3_rmt_rx_symbol ch=3 index=20 value=0x00618033 ns=7000412471
esp32s3_rmt_edge ch=3 enabled=1 level=1 ns=7000412471
esp32s3_rmt_input ch=3 valid=1 level=0 ns=7000480471
esp32s3_rmt_edge ch=3 enabled=1 level=0 ns=7000480471
esp32s3_rmt_input ch=3 valid=1 level=1 ns=7000590471
esp32s3_rmt_rx_symbol ch=3 index=21 value=0x006e8044 ns=7000590471
esp32s3_rmt_edge ch=3 enabled=1 level=1 ns=7000590471
esp32s3_rmt_input ch=3 valid=1 level=0 ns=7000675471
esp32s3_rmt_edge ch=3 enabled=1 level=0 ns=7000675471
esp32s3_rmt_input ch=3 valid=1 level=1 ns=7000798471
esp32s3_rmt_rx_symbol ch=3 index=22 value=0x007b8055 ns=7000798471
esp32s3_rmt_edge ch=3 enabled=1 level=1 ns=7000798471
esp32s3_rmt_input ch=3 valid=1 level=0 ns=7000829471
esp32s3_rmt_edge ch=3 enabled=1 level=0 ns=7000829471
esp32s3_rmt_input ch=3 valid=1 level=1 ns=7000882471
esp32s3_rmt_rx_symbol ch=3 index=23 value=0x0035801f ns=7000882471
esp32s3_rmt_edge ch=3 enabled=1 level=1 ns=7000882471
esp32s3_rmt_input ch=3 valid=1 level=0 ns=7000930471
esp32s3_rmt_edge ch=3 enabled=1 level=0 ns=7000930471
esp32s3_rmt_input ch=3 valid=1 level=1 ns=7000996471
esp32s3_rmt_rx_symbol ch=3 index=24 value=0x00428030 ns=7000996471
esp32s3_rmt_edge ch=3 enabled=1 level=1 ns=7000996471
esp32s3_rmt_input ch=3 valid=1 level=0 ns=7001061471
esp32s3_rmt_edge ch=3 enabled=1 level=0 ns=7001061471
esp32s3_rmt_input ch=3 valid=1 level=1 ns=7001140471
esp32s3_rmt_rx_symbol ch=3 index=25 value=0x004f8041 ns=7001140471
esp32s3_rmt_edge ch=3 enabled=1 level=1 ns=7001140471
esp32s3_rmt_input ch=3 valid=1 level=0 ns=7001222471
esp32s3_rmt_edge ch=3 enabled=1 level=0 ns=7001222471
esp32s3_rmt_input ch=3 valid=1 level=1 ns=7001314471
esp32s3_rmt_rx_symbol ch=3 index=26 value=0x005c8052 ns=7001314471
esp32s3_rmt_edge ch=3 enabled=1 level=1 ns=7001314471
esp32s3_rmt_input ch=3 valid=1 level=0 ns=7001413471
esp32s3_rmt_edge ch=3 enabled=1 level=0 ns=7001413471
esp32s3_rmt_input ch=3 valid=1 level=1 ns=7001518471
esp32s3_rmt_rx_symbol ch=3 index=27 value=0x00698063 ns=7001518471
esp32s3_rmt_edge ch=3 enabled=1 level=1 ns=7001518471
esp32s3_rmt_input ch=3 valid=1 level=0 ns=7001563471
esp32s3_rmt_edge ch=3 enabled=1 level=0 ns=7001563471
esp32s3_rmt_input ch=3 valid=1 level=1 ns=7001681471
esp32s3_rmt_rx_symbol ch=3 index=28 value=0x0076802d ns=7001681471
esp32s3_rmt_edge ch=3 enabled=1 level=1 ns=7001681471
esp32s3_rmt_input ch=3 valid=1 level=0 ns=7001743471
esp32s3_rmt_edge ch=3 enabled=1 level=0 ns=7001743471
esp32s3_rmt_input ch=3 valid=1 level=1 ns=7001791471
esp32s3_rmt_rx_symbol ch=3 index=29 value=0x0030803e ns=7001791471
esp32s3_rmt_edge ch=3 enabled=1 level=1 ns=7001791471
esp32s3_rmt_input ch=3 valid=1 level=0 ns=7001870471
esp32s3_rmt_edge ch=3 enabled=1 level=0 ns=7001870471
esp32s3_rmt_input ch=3 valid=1 level=1 ns=7001931471
esp32s3_rmt_rx_symbol ch=3 index=30 value=0x003d804f ns=7001931471
esp32s3_rmt_edge ch=3 enabled=1 level=1 ns=7001931471
esp32s3_rmt_input ch=3 valid=1 level=0 ns=7002027471
esp32s3_rmt_edge ch=3 enabled=1 level=0 ns=7002027471
esp32s3_rmt_input ch=3 valid=1 level=1 ns=7002101471
esp32s3_rmt_rx_symbol ch=3 index=31 value=0x004a8060 ns=7002101471
esp32s3_rmt_edge ch=3 enabled=1 level=1 ns=7002101471
esp32s3_rmt_input ch=3 valid=1 level=0 ns=7002143471
esp32s3_rmt_edge ch=3 enabled=1 level=0 ns=7002143471
esp32s3_rmt_input ch=3 valid=1 level=1 ns=7002230471
esp32s3_rmt_rx_symbol ch=3 index=32 value=0x0057802a ns=7002230471
esp32s3_rmt_edge ch=3 enabled=1 level=1 ns=7002230471
esp32s3_rmt_input ch=3 valid=1 level=0 ns=7002289471
esp32s3_rmt_edge ch=3 enabled=1 level=0 ns=7002289471
esp32s3_rmt_input ch=3 valid=1 level=1 ns=7002389471
esp32s3_rmt_rx_symbol ch=3 index=33 value=0x0064803b ns=7002389471
esp32s3_rmt_edge ch=3 enabled=1 level=1 ns=7002389471
esp32s3_rmt_input ch=3 valid=1 level=0 ns=7002465471
esp32s3_rmt_edge ch=3 enabled=1 level=0 ns=7002465471
esp32s3_rmt_input ch=3 valid=1 level=1 ns=7002578471
esp32s3_rmt_rx_symbol ch=3 index=34 value=0x0071804c ns=7002578471
esp32s3_rmt_edge ch=3 enabled=1 level=1 ns=7002578471
esp32s3_rmt_input ch=3 valid=1 level=0 ns=7002671471
esp32s3_rmt_edge ch=3 enabled=1 level=0 ns=7002671471
esp32s3_rmt_input ch=3 valid=1 level=1 ns=7002714471
esp32s3_rmt_rx_symbol ch=3 index=35 value=0x002b805d ns=7002714471
esp32s3_rmt_edge ch=3 enabled=1 level=1 ns=7002714471
esp32s3_rmt_input ch=3 valid=1 level=0 ns=7002753471
esp32s3_rmt_edge ch=3 enabled=1 level=0 ns=7002753471
esp32s3_rmt_input ch=3 valid=1 level=1 ns=7002809471
esp32s3_rmt_rx_symbol ch=3 index=36 value=0x00388027 ns=7002809471
esp32s3_rmt_edge ch=3 enabled=1 level=1 ns=7002809471
esp32s3_rmt_input ch=3 valid=1 level=0 ns=7002865471
esp32s3_rmt_edge ch=3 enabled=1 level=0 ns=7002865471
esp32s3_rmt_input ch=3 valid=1 level=1 ns=7002934471
esp32s3_rmt_rx_symbol ch=3 index=37 value=0x00458038 ns=7002934471
esp32s3_rmt_edge ch=3 enabled=1 level=1 ns=7002934471
esp32s3_rmt_input ch=3 valid=1 level=0 ns=7003007471
esp32s3_rmt_edge ch=3 enabled=1 level=0 ns=7003007471
esp32s3_rmt_input ch=3 valid=1 level=1 ns=7003089471
esp32s3_rmt_rx_symbol ch=3 index=38 value=0x00528049 ns=7003089471
esp32s3_rmt_edge ch=3 enabled=1 level=1 ns=7003089471
esp32s3_rmt_input ch=3 valid=1 level=0 ns=7003179471
esp32s3_rmt_edge ch=3 enabled=1 level=0 ns=7003179471
esp32s3_rmt_input ch=3 valid=1 level=1 ns=7003274471
esp32s3_rmt_rx_symbol ch=3 index=39 value=0x005f805a ns=7003274471
esp32s3_rmt_edge ch=3 enabled=1 level=1 ns=7003274471
esp32s3_rmt_input ch=3 valid=1 level=0 ns=7003310471
esp32s3_rmt_edge ch=3 enabled=1 level=0 ns=7003310471
esp32s3_rmt_input ch=3 valid=1 level=1 ns=7003418471
esp32s3_rmt_rx_symbol ch=3 index=40 value=0x006c8024 ns=7003418471
esp32s3_rmt_edge ch=3 enabled=1 level=1 ns=7003418471
esp32s3_rmt_input ch=3 valid=1 level=0 ns=7003471471
esp32s3_rmt_edge ch=3 enabled=1 level=0 ns=7003471471
esp32s3_rmt_input ch=3 valid=1 level=1 ns=7003592471
esp32s3_rmt_rx_symbol ch=3 index=41 value=0x00798035 ns=7003592471
esp32s3_rmt_edge ch=3 enabled=1 level=1 ns=7003592471
esp32s3_rmt_input ch=3 valid=1 level=0 ns=7003662471
esp32s3_rmt_edge ch=3 enabled=1 level=0 ns=7003662471
esp32s3_rmt_input ch=3 valid=1 level=1 ns=7003713471
esp32s3_rmt_rx_symbol ch=3 index=42 value=0x00338046 ns=7003713471
esp32s3_rmt_edge ch=3 enabled=1 level=1 ns=7003713471
esp32s3_rmt_input ch=3 valid=1 level=0 ns=7003800471
esp32s3_rmt_edge ch=3 enabled=1 level=0 ns=7003800471
esp32s3_rmt_input ch=3 valid=1 level=1 ns=7003864471
esp32s3_rmt_rx_symbol ch=3 index=43 value=0x00408057 ns=7003864471
esp32s3_rmt_edge ch=3 enabled=1 level=1 ns=7003864471
esp32s3_rmt_input ch=3 valid=1 level=0 ns=7003897471
esp32s3_rmt_edge ch=3 enabled=1 level=0 ns=7003897471
esp32s3_rmt_input ch=3 valid=1 level=1 ns=7003974471
esp32s3_rmt_rx_symbol ch=3 index=44 value=0x004d8021 ns=7003974471
esp32s3_rmt_edge ch=3 enabled=1 level=1 ns=7003974471
esp32s3_rmt_input ch=3 valid=1 level=0 ns=7004024471
esp32s3_rmt_edge ch=3 enabled=1 level=0 ns=7004024471
esp32s3_rmt_input ch=3 valid=1 level=1 ns=7004114471
esp32s3_rmt_rx_symbol ch=3 index=45 value=0x005a8032 ns=7004114471
esp32s3_rmt_edge ch=3 enabled=1 level=1 ns=7004114471
esp32s3_rmt_input ch=3 valid=1 level=0 ns=7004181471
esp32s3_rmt_edge ch=3 enabled=1 level=0 ns=7004181471
esp32s3_rmt_input ch=3 valid=1 level=1 ns=7004284471
esp32s3_rmt_rx_symbol ch=3 index=46 value=0x00678043 ns=7004284471
esp32s3_rmt_edge ch=3 enabled=1 level=1 ns=7004284471
esp32s3_rmt_input ch=3 valid=1 level=0 ns=7004368471
esp32s3_rmt_edge ch=3 enabled=1 level=0 ns=7004368471
esp32s3_rmt_input ch=3 valid=1 level=1 ns=7004484471
esp32s3_rmt_rx_symbol ch=3 index=47 value=0x00748054 ns=7004484471
esp32s3_rmt_edge ch=3 enabled=1 level=1 ns=7004484471
esp32s3_rmt_input ch=3 valid=1 level=0 ns=7004585471
esp32s3_rmt_edge ch=3 enabled=1 level=0 ns=7004585471
esp32s3_rmt_input ch=3 valid=1 level=1 ns=7004631471
esp32s3_rmt_rx_symbol ch=3 index=0 value=0x002e8065 ns=7004631471
esp32s3_rmt_edge ch=3 enabled=1 level=1 ns=7004631471
esp32s3_rmt_input ch=3 valid=1 level=0 ns=7004678471
esp32s3_rmt_edge ch=3 enabled=1 level=0 ns=7004678471
esp32s3_rmt_input ch=3 valid=1 level=1 ns=7004737471
esp32s3_rmt_rx_symbol ch=3 index=1 value=0x003b802f ns=7004737471
esp32s3_rmt_edge ch=3 enabled=1 level=1 ns=7004737471
esp32s3_rmt_input ch=3 valid=1 level=0 ns=7004801471
esp32s3_rmt_edge ch=3 enabled=1 level=0 ns=7004801471
esp32s3_rmt_input ch=3 valid=1 level=1 ns=7004873471
esp32s3_rmt_rx_symbol ch=3 index=2 value=0x00488040 ns=7004873471
esp32s3_rmt_edge ch=3 enabled=1 level=1 ns=7004873471
esp32s3_rmt_input ch=3 valid=1 level=0 ns=7004954471
esp32s3_rmt_edge ch=3 enabled=1 level=0 ns=7004954471
esp32s3_rmt_input ch=3 valid=1 level=1 ns=7005039471
esp32s3_rmt_rx_symbol ch=3 index=3 value=0x00558051 ns=7005039471
esp32s3_rmt_edge ch=3 enabled=1 level=1 ns=7005039471
esp32s3_rmt_input ch=3 valid=1 level=0 ns=7005137471
esp32s3_rmt_edge ch=3 enabled=1 level=0 ns=7005137471
esp32s3_rmt_input ch=3 valid=1 level=1 ns=7005235471
esp32s3_rmt_rx_symbol ch=3 index=4 value=0x00628062 ns=7005235471
esp32s3_rmt_edge ch=3 enabled=1 level=1 ns=7005235471
esp32s3_rmt_input ch=3 valid=1 level=0 ns=7005279471
esp32s3_rmt_edge ch=3 enabled=1 level=0 ns=7005279471
esp32s3_rmt_input ch=3 valid=1 level=1 ns=7005390471
esp32s3_rmt_rx_symbol ch=3 index=5 value=0x006f802c ns=7005390471
esp32s3_rmt_edge ch=3 enabled=1 level=1 ns=7005390471
esp32s3_rmt_input ch=3 valid=1 level=0 ns=7005451471
esp32s3_rmt_edge ch=3 enabled=1 level=0 ns=7005451471
esp32s3_rmt_input ch=3 valid=1 level=1 ns=7005575471
esp32s3_rmt_rx_symbol ch=3 index=6 value=0x007c803d ns=7005575471
esp32s3_rmt_edge ch=3 enabled=1 level=1 ns=7005575471
esp32s3_rmt_input ch=3 valid=1 level=0 ns=7005653471
esp32s3_rmt_edge ch=3 enabled=1 level=0 ns=7005653471
esp32s3_rmt_input ch=3 valid=1 level=1 ns=7005707471
esp32s3_rmt_rx_symbol ch=3 index=7 value=0x0036804e ns=7005707471
esp32s3_rmt_edge ch=3 enabled=1 level=1 ns=7005707471
esp32s3_rmt_input ch=3 valid=1 level=0 ns=7005802471
esp32s3_rmt_edge ch=3 enabled=1 level=0 ns=7005802471
esp32s3_rmt_input ch=3 valid=1 level=1 ns=7005869471
esp32s3_rmt_rx_symbol ch=3 index=8 value=0x0043805f ns=7005869471
esp32s3_rmt_edge ch=3 enabled=1 level=1 ns=7005869471
esp32s3_rmt_input ch=3 valid=1 level=0 ns=7005910471
esp32s3_rmt_edge ch=3 enabled=1 level=0 ns=7005910471
esp32s3_rmt_input ch=3 valid=1 level=1 ns=7005990471
esp32s3_rmt_rx_symbol ch=3 index=9 value=0x00508029 ns=7005990471
esp32s3_rmt_edge ch=3 enabled=1 level=1 ns=7005990471
esp32s3_rmt_input ch=3 valid=1 level=0 ns=7006048471
esp32s3_rmt_edge ch=3 enabled=1 level=0 ns=7006048471
esp32s3_rmt_input ch=3 valid=1 level=1 ns=7006141471
esp32s3_rmt_rx_symbol ch=3 index=10 value=0x005d803a ns=7006141471
esp32s3_rmt_edge ch=3 enabled=1 level=1 ns=7006141471
esp32s3_rmt_input ch=3 valid=1 level=0 ns=7006216471
esp32s3_rmt_edge ch=3 enabled=1 level=0 ns=7006216471
esp32s3_rmt_input ch=3 valid=1 level=1 ns=7006322471
esp32s3_rmt_rx_symbol ch=3 index=11 value=0x006a804b ns=7006322471
esp32s3_rmt_edge ch=3 enabled=1 level=1 ns=7006322471
esp32s3_rmt_input ch=3 valid=1 level=0 ns=7006414471
esp32s3_rmt_edge ch=3 enabled=1 level=0 ns=7006414471
esp32s3_rmt_input ch=3 valid=1 level=1 ns=7006533471
esp32s3_rmt_rx_symbol ch=3 index=12 value=0x0077805c ns=7006533471
esp32s3_rmt_edge ch=3 enabled=1 level=1 ns=7006533471
esp32s3_rmt_input ch=3 valid=1 level=0 ns=7006571471
esp32s3_rmt_edge ch=3 enabled=1 level=0 ns=7006571471
esp32s3_rmt_input ch=3 valid=1 level=1 ns=7006620471
esp32s3_rmt_rx_symbol ch=3 index=13 value=0x00318026 ns=7006620471
esp32s3_rmt_edge ch=3 enabled=1 level=1 ns=7006620471
esp32s3_rmt_input ch=3 valid=1 level=0 ns=7006675471
esp32s3_rmt_edge ch=3 enabled=1 level=0 ns=7006675471
esp32s3_rmt_input ch=3 valid=1 level=1 ns=7006737471
esp32s3_rmt_rx_symbol ch=3 index=14 value=0x003e8037 ns=7006737471
esp32s3_rmt_edge ch=3 enabled=1 level=1 ns=7006737471
esp32s3_rmt_input ch=3 valid=1 level=0 ns=7006809471
esp32s3_rmt_edge ch=3 enabled=1 level=0 ns=7006809471
esp32s3_rmt_input ch=3 valid=1 level=1 ns=7006884471
esp32s3_rmt_rx_symbol ch=3 index=15 value=0x004b8048 ns=7006884471
esp32s3_rmt_edge ch=3 enabled=1 level=1 ns=7006884471
esp32s3_rmt_input ch=3 valid=1 level=0 ns=7006973471
esp32s3_rmt_edge ch=3 enabled=1 level=0 ns=7006973471
esp32s3_rmt_input ch=3 valid=1 level=1 ns=7007061471
esp32s3_rmt_rx_symbol ch=3 index=16 value=0x00588059 ns=7007061471
esp32s3_rmt_edge ch=3 enabled=1 level=1 ns=7007061471
esp32s3_rmt_input ch=3 valid=1 level=0 ns=7007096471
esp32s3_rmt_edge ch=3 enabled=1 level=0 ns=7007096471
esp32s3_rmt_input ch=3 valid=1 level=1 ns=7007197471
esp32s3_rmt_rx_symbol ch=3 index=17 value=0x00658023 ns=7007197471
esp32s3_rmt_edge ch=3 enabled=1 level=1 ns=7007197471
esp32s3_rmt_input ch=3 valid=1 level=0 ns=7007249471
esp32s3_rmt_edge ch=3 enabled=1 level=0 ns=7007249471
esp32s3_rmt_input ch=3 valid=1 level=1 ns=7007363471
esp32s3_rmt_rx_symbol ch=3 index=18 value=0x00728034 ns=7007363471
esp32s3_rmt_edge ch=3 enabled=1 level=1 ns=7007363471
esp32s3_rmt_input ch=3 valid=1 level=0 ns=7007432471
esp32s3_rmt_edge ch=3 enabled=1 level=0 ns=7007432471
esp32s3_rmt_input ch=3 valid=1 level=1 ns=7007476471
esp32s3_rmt_rx_symbol ch=3 index=19 value=0x002c8045 ns=7007476471
esp32s3_rmt_edge ch=3 enabled=1 level=1 ns=7007476471
esp32s3_rmt_input ch=3 valid=1 level=0 ns=7007562471
esp32s3_rmt_edge ch=3 enabled=1 level=0 ns=7007562471
esp32s3_rmt_input ch=3 valid=1 level=1 ns=7007619471
esp32s3_rmt_rx_symbol ch=3 index=20 value=0x00398056 ns=7007619471
esp32s3_rmt_edge ch=3 enabled=1 level=1 ns=7007619471
esp32s3_rmt_input ch=3 valid=1 level=0 ns=7007651471
esp32s3_rmt_edge ch=3 enabled=1 level=0 ns=7007651471
esp32s3_rmt_input ch=3 valid=1 level=1 ns=7007721471
esp32s3_rmt_rx_symbol ch=3 index=21 value=0x00468020 ns=7007721471
esp32s3_rmt_edge ch=3 enabled=1 level=1 ns=7007721471
esp32s3_rmt_input ch=3 valid=1 level=0 ns=7007770471
esp32s3_rmt_edge ch=3 enabled=1 level=0 ns=7007770471
esp32s3_rmt_input ch=3 valid=1 level=1 ns=7007853471
esp32s3_rmt_rx_symbol ch=3 index=22 value=0x00538031 ns=7007853471
esp32s3_rmt_edge ch=3 enabled=1 level=1 ns=7007853471
esp32s3_rmt_input ch=3 valid=1 level=0 ns=7007919471
esp32s3_rmt_edge ch=3 enabled=1 level=0 ns=7007919471
esp32s3_rmt_input ch=3 valid=1 level=1 ns=7008015471
esp32s3_rmt_rx_symbol ch=3 index=23 value=0x00608042 ns=7008015471
esp32s3_rmt_edge ch=3 enabled=1 level=1 ns=7008015471
esp32s3_rmt_input ch=3 valid=1 level=0 ns=7008052471
esp32s3_rmt_edge ch=3 enabled=1 level=0 ns=7008052471
esp32s3_rmt_tx_stop ch=3 ns=7008063471
esp32s3_rmt_edge ch=3 enabled=1 level=0 ns=7008063471
esp32s3_rmt_rx_symbol ch=3 index=24 value=0x00008025 ns=7009053471
